Date,Start (ET),Visitor/Neutral,PTS,Home/Neutral,PTS
Tue Oct 24 2023,7:30p,Los Angeles Lakers,107,Denver Nuggets,119
Tue Oct 24 2023,10:00p,Phoenix Suns,108,Golden State Warriors,104
Wed Oct 25 2023,7:00p,Houston Rockets,86,Orlando Magic,116
Wed Oct 25 2023,7:00p,Boston Celtics,108,New York Knicks,104
Wed Oct 25 2023,7:00p,Washington Wizards,120,Indiana Pacers,143
Wed Oct 25 2023,7:00p,Atlanta Hawks,110,Charlotte Hornets,116
Wed Oct 25 2023,7:30p,Detroit Pistons,102,Miami Heat,103
Wed Oct 25 2023,7:30p,Minnesota Timberwolves,94,Toronto Raptors,97
Wed Oct 25 2023,7:30p,Cleveland Cavaliers,114,Brooklyn Nets,113
Wed Oct 25 2023,8:00p,New Orleans Pelicans,111,Memphis Grizzlies,104
Wed Oct 25 2023,8:00p,Oklahoma City Thunder,124,Chicago Bulls,104
Wed Oct 25 2023,9:00p,Sacramento Kings,130,Utah Jazz,114
Wed Oct 25 2023,9:30p,Dallas Mavericks,126,San Antonio Spurs,119
Wed Oct 25 2023,10:30p,Portland Trail Blazers,111,Los Angeles Clippers,123
Thu Oct 26 2023,7:30p,Philadelphia 76ers,117,Milwaukee Bucks,118
Thu Oct 26 2023,10:00p,Phoenix Suns,95,Los Angeles Lakers,100
Fri Oct 27 2023,7:00p,Denver Nuggets,108,Memphis Grizzlies,104
Fri Oct 27 2023,7:00p,Detroit Pistons,111,Charlotte Hornets,99
Fri Oct 27 2023,7:30p,New York Knicks,126,Atlanta Hawks,120
Fri Oct 27 2023,7:30p,Oklahoma City Thunder,108,Cleveland Cavaliers,105
Fri Oct 27 2023,7:30p,Miami Heat,111,Boston Celtics,119
Fri Oct 27 2023,8:00p,Toronto Raptors,103,Chicago Bulls,104
Fri Oct 27 2023,8:00p,Houston Rockets,122,San Antonio Spurs,126
Fri Oct 27 2023,8:30p,Brooklyn Nets,120,Dallas Mavericks,125
Fri Oct 27 2023,9:30p,Los Angeles Clippers,118,Utah Jazz,120
Fri Oct 27 2023,10:00p,Orlando Magic,102,Portland Trail Blazers,97
Fri Oct 27 2023,10:00p,Golden State Warriors,122,Sacramento Kings,114
Sat Oct 28 2023,7:00p,Chicago Bulls,102,Detroit Pistons,118
Sat Oct 28 2023,7:00p,Memphis Grizzlies,106,Washington Wizards,113
Sat Oct 28 2023,7:00p,New York Knicks,87,New Orleans Pelicans,96
Sat Oct 28 2023,7:30p,Indiana Pacers,125,Cleveland Cavaliers,113
Sat Oct 28 2023,7:30p,Philadelphia 76ers,114,Toronto Raptors,107
Sat Oct 28 2023,8:00p,Miami Heat,90,Minnesota Timberwolves,106
Sat Oct 28 2023,10:00p,Utah Jazz,104,Phoenix Suns,126
Sun Oct 29 2023,3:30p,Denver Nuggets,128,Oklahoma City Thunder,95
Sun Oct 29 2023,7:00p,Golden State Warriors,106,Houston Rockets,95
Sun Oct 29 2023,7:00p,Atlanta Hawks,127,Milwaukee Bucks,110
Sun Oct 29 2023,7:30p,Portland Trail Blazers,98,Philadelphia 76ers,126
Sun Oct 29 2023,9:00p,San Antonio Spurs,83,Los Angeles Clippers,123
Sun Oct 29 2023,9:00p,Los Angeles Lakers,127,Sacramento Kings,132
Mon Oct 30 2023,7:00p,Chicago Bulls,112,Indiana Pacers,105
Mon Oct 30 2023,7:00p,Boston Celtics,126,Washington Wizards,107
Mon Oct 30 2023,7:00p,Brooklyn Nets,133,Charlotte Hornets,121
Mon Oct 30 2023,7:30p,Portland Trail Blazers,99,Toronto Raptors,91
Mon Oct 30 2023,7:30p,Minnesota Timberwolves,113,Atlanta Hawks,127
Mon Oct 30 2023,8:00p,Dallas Mavericks,125,Memphis Grizzlies,110
Mon Oct 30 2023,8:00p,Miami Heat,114,Milwaukee Bucks,122
Mon Oct 30 2023,8:00p,Golden State Warriors,130,New Orleans Pelicans,102
Mon Oct 30 2023,8:00p,Detroit Pistons,112,Oklahoma City Thunder,124
Mon Oct 30 2023,9:00p,Utah Jazz,102,Denver Nuggets,110
Mon Oct 30 2023,10:30p,Orlando Magic,103,Los Angeles Lakers,106
Tue Oct 31 2023,7:30p,New York Knicks,109,Cleveland Cavaliers,91
Tue Oct 31 2023,10:00p,San Antonio Spurs,115,Phoenix Suns,114
Tue Oct 31 2023,10:30p,Orlando Magic,102,Los Angeles Clippers,118
Wed Nov 1 2023,7:00p,Portland Trail Blazers,110,Detroit Pistons,101
Wed Nov 1 2023,7:00p,Milwaukee Bucks,111,Toronto Raptors,130
Wed Nov 1 2023,7:30p,Washington Wizards,121,Atlanta Hawks,130
Wed Nov 1 2023,7:30p,Indiana Pacers,104,Boston Celtics,155
Wed Nov 1 2023,7:30p,Brooklyn Nets,109,Miami Heat,105
Wed Nov 1 2023,7:30p,Cleveland Cavaliers,95,New York Knicks,89
Wed Nov 1 2023,7:30p,New Orleans Pelicans,110,Oklahoma City Thunder,106
Wed Nov 1 2023,8:00p,Charlotte Hornets,119,Houston Rockets,128
Wed Nov 1 2023,8:00p,Denver Nuggets,89,Minnesota Timberwolves,110
Wed Nov 1 2023,8:30p,Chicago Bulls,105,Dallas Mavericks,114
Wed Nov 1 2023,9:00p,Memphis Grizzlies,109,Utah Jazz,133
Wed Nov 1 2023,10:00p,Sacramento Kings,101,Golden State Warriors,102
Wed Nov 1 2023,10:00p,Los Angeles Clippers,125,Los Angeles Lakers,130
Thu Nov 2 2023,7:00p,Toronto Raptors,99,Philadelphia 76ers,114
Thu Nov 2 2023,8:00p,Detroit Pistons,116,New Orleans Pelicans,125
Thu Nov 2 2023,9:00p,Orlando Magic,115,Utah Jazz,113
Thu Nov 2 2023,10:00p,San Antonio Spurs,132,Phoenix Suns,121
Fri Nov 3 2023,7:00p,Cleveland Cavaliers,116,Indiana Pacers,121
Fri Nov 3 2023,7:30p,New York Knicks,105,Milwaukee Bucks,110
Fri Nov 3 2023,8:00p,Brooklyn Nets,109,Chicago Bulls,107
Fri Nov 3 2023,8:00p,Washington Wizards,114,Miami Heat,121
Fri Nov 3 2023,8:00p,Golden State Warriors,141,Oklahoma City Thunder,139
Fri Nov 3 2023,10:00p,Dallas Mavericks,114,Denver Nuggets,125
Fri Nov 3 2023,10:00p,Memphis Grizzlies,113,Portland Trail Blazers,115
Sat Nov 4 2023,1:00p,Phoenix Suns,100,Philadelphia 76ers,112
Sat Nov 4 2023,7:00p,Charlotte Hornets,125,Indiana Pacers,124
Sat Nov 4 2023,7:00p,Atlanta Hawks,123,New Orleans Pelicans,105
Sat Nov 4 2023,7:00p,Los Angeles Lakers,101,Orlando Magic,120
Sat Nov 4 2023,8:00p,Boston Celtics,124,Brooklyn Nets,114
Sat Nov 4 2023,8:00p,Sacramento Kings,89,Houston Rockets,107
Sat Nov 4 2023,8:00p,Utah Jazz,95,Minnesota Timberwolves,123
Sat Nov 4 2023,9:00p,Chicago Bulls,101,Denver Nuggets,123
Sun Nov 5 2023,3:00p,Phoenix Suns,120,Detroit Pistons,106
Sun Nov 5 2023,3:30p,Toronto Raptors,123,San Antonio Spurs,116
Sun Nov 5 2023,6:00p,Golden State Warriors,104,Cleveland Cavaliers,115
Sun Nov 5 2023,7:30p,Charlotte Hornets,118,Dallas Mavericks,124
Sun Nov 5 2023,9:00p,Memphis Grizzlies,112,Portland Trail Blazers,100
Mon Nov 6 2023,7:00p,Golden State Warriors,120,Detroit Pistons,109
Mon Nov 6 2023,7:00p,San Antonio Spurs,111,Indiana Pacers,152
Mon Nov 6 2023,7:00p,Dallas Mavericks,117,Orlando Magic,102
Mon Nov 6 2023,7:00p,Washington Wizards,128,Philadelphia 76ers,146
Mon Nov 6 2023,7:30p,Milwaukee Bucks,129,Brooklyn Nets,125
Mon Nov 6 2023,7:30p,Los Angeles Lakers,107,Miami Heat,108
Mon Nov 6 2023,7:30p,Los Angeles Clippers,97,New York Knicks,111
Mon Nov 6 2023,8:00p,Utah Jazz,113,Chicago Bulls,130
Mon Nov 6 2023,8:00p,Sacramento Kings,97,Houston Rockets,122
Mon Nov 6 2023,8:00p,Boston Celtics,109,Minnesota Timberwolves,114
Mon Nov 6 2023,8:00p,Atlanta Hawks,117,Oklahoma City Thunder,126
Mon Nov 6 2023,9:00p,New Orleans Pelicans,116,Denver Nuggets,134
Wed Nov 8 2023,7:00p,Washington Wizards,132,Charlotte Hornets,116
Wed Nov 8 2023,7:00p,Utah Jazz,118,Indiana Pacers,134
Wed Nov 8 2023,7:00p,Boston Celtics,103,Philadelphia 76ers,106
Wed Nov 8 2023,7:30p,Los Angeles Clippers,93,Brooklyn Nets,100
Wed Nov 8 2023,7:30p,San Antonio Spurs,105,New York Knicks,126
Wed Nov 8 2023,8:00p,Phoenix Suns,116,Chicago Bulls,115
Wed Nov 8 2023,8:00p,Los Angeles Lakers,94,Houston Rockets,128
Wed Nov 8 2023,8:00p,Miami Heat,108,Memphis Grizzlies,102
Wed Nov 8 2023,8:00p,Detroit Pistons,118,Milwaukee Bucks,120
Wed Nov 8 2023,8:00p,New Orleans Pelicans,101,Minnesota Timberwolves,122
Wed Nov 8 2023,8:00p,Cleveland Cavaliers,120,Oklahoma City Thunder,128
Wed Nov 8 2023,8:30p,Toronto Raptors,127,Dallas Mavericks,116
Wed Nov 8 2023,10:00p,Golden State Warriors,105,Denver Nuggets,108
Wed Nov 8 2023,10:00p,Portland Trail Blazers,118,Sacramento Kings,121
Thu Nov 9 2023,7:00p,Milwaukee Bucks,,Indiana Pacers,
Thu Nov 9 2023,9:30p,Atlanta Hawks,,Orlando Magic,
Fri Nov 10 2023,7:00p,Philadelphia 76ers,,Detroit Pistons,
Fri Nov 10 2023,7:00p,Charlotte Hornets,,Washington Wizards,
Fri Nov 10 2023,7:30p,Brooklyn Nets,,Boston Celtics,
Fri Nov 10 2023,8:00p,New Orleans Pelicans,,Houston Rockets,
Fri Nov 10 2023,8:00p,Utah Jazz,,Memphis Grizzlies,
Fri Nov 10 2023,8:00p,Minnesota Timberwolves,,San Antonio Spurs,
Fri Nov 10 2023,8:30p,Los Angeles Clippers,,Dallas Mavericks,
Fri Nov 10 2023,10:00p,Los Angeles Lakers,,Phoenix Suns,
Fri Nov 10 2023,10:00p,Oklahoma City Thunder,,Sacramento Kings,
Sat Nov 11 2023,6:00p,Milwaukee Bucks,,Orlando Magic,
Sat Nov 11 2023,7:00p,Toronto Raptors,,Boston Celtics,
Sat Nov 11 2023,7:30p,Miami Heat,,Atlanta Hawks,
Sat Nov 11 2023,8:30p,Cleveland Cavaliers,,Golden State Warriors,
Sun Nov 12 2023,12:00p,Charlotte Hornets,,New York Knicks,
Sun Nov 12 2023,3:00p,Washington Wizards,,Brooklyn Nets,
Sun Nov 12 2023,3:30p,Memphis Grizzlies,,Los Angeles Clippers,
Sun Nov 12 2023,6:00p,Indiana Pacers,,Philadelphia 76ers,
Sun Nov 12 2023,7:00p,Detroit Pistons,,Chicago Bulls,
Sun Nov 12 2023,7:00p,Denver Nuggets,,Houston Rockets,
Sun Nov 12 2023,7:00p,Dallas Mavericks,,New Orleans Pelicans,
Sun Nov 12 2023,7:00p,Miami Heat,,San Antonio Spurs,
Sun Nov 12 2023,8:00p,Oklahoma City Thunder,,Phoenix Suns,
Sun Nov 12 2023,8:30p,Minnesota Timberwolves,,Golden State Warriors,
Sun Nov 12 2023,10:00p,Portland Trail Blazers,,Los Angeles Lakers,
Mon Nov 13 2023,7:30p,New York Knicks,,Boston Celtics,
Mon Nov 13 2023,7:30p,Washington Wizards,,Toronto Raptors,
Mon Nov 13 2023,8:00p,Chicago Bulls,,Milwaukee Bucks,
Mon Nov 13 2023,10:00p,Cleveland Cavaliers,,Sacramento Kings,
Tue Nov 14 2023,7:00p,Miami Heat,,Charlotte Hornets,
Tue Nov 14 2023,7:00p,Atlanta Hawks,,Detroit Pistons,
Tue Nov 14 2023,7:00p,Indiana Pacers,,Philadelphia 76ers,
Tue Nov 14 2023,7:30p,Orlando Magic,,Brooklyn Nets,
Tue Nov 14 2023,7:30p,San Antonio Spurs,,Oklahoma City Thunder,
Tue Nov 14 2023,8:00p,Dallas Mavericks,,New Orleans Pelicans,
Tue Nov 14 2023,9:00p,Portland Trail Blazers,,Utah Jazz,
Tue Nov 14 2023,10:00p,Los Angeles Clippers,,Denver Nuggets,
Tue Nov 14 2023,10:00p,Minnesota Timberwolves,,Golden State Warriors,
Tue Nov 14 2023,10:30p,Memphis Grizzlies,,Los Angeles Lakers,
Wed Nov 15 2023,7:00p,Dallas Mavericks,,Washington Wizards,
Wed Nov 15 2023,7:30p,New York Knicks,,Atlanta Hawks,
Wed Nov 15 2023,7:30p,Boston Celtics,,Philadelphia 76ers,
Wed Nov 15 2023,7:30p,Milwaukee Bucks,,Toronto Raptors,
Wed Nov 15 2023,8:00p,Orlando Magic,,Chicago Bulls,
Wed Nov 15 2023,9:00p,Minnesota Timberwolves,,Phoenix Suns,
Wed Nov 15 2023,10:00p,Sacramento Kings,,Los Angeles Lakers,
Wed Nov 15 2023,10:00p,Cleveland Cavaliers,,Portland Trail Blazers,
Thu Nov 16 2023,7:30p,Brooklyn Nets,,Miami Heat,
Thu Nov 16 2023,10:00p,Oklahoma City Thunder,,Golden State Warriors,
Fri Nov 17 2023,7:00p,Milwaukee Bucks,,Charlotte Hornets,
Fri Nov 17 2023,7:00p,New York Knicks,,Washington Wizards,
Fri Nov 17 2023,7:30p,Philadelphia 76ers,,Atlanta Hawks,
Fri Nov 17 2023,7:30p,Detroit Pistons,,Cleveland Cavaliers,
Fri Nov 17 2023,7:30p,Sacramento Kings,,San Antonio Spurs,
Fri Nov 17 2023,7:30p,Boston Celtics,,Toronto Raptors,
Fri Nov 17 2023,8:00p,Orlando Magic,,Chicago Bulls,
Fri Nov 17 2023,8:00p,Denver Nuggets,,New Orleans Pelicans,
Fri Nov 17 2023,10:00p,Los Angeles Lakers,,Portland Trail Blazers,
Fri Nov 17 2023,10:00p,Phoenix Suns,,Utah Jazz,
Fri Nov 17 2023,10:30p,Houston Rockets,,Los Angeles Clippers,
Sat Nov 18 2023,6:00p,New York Knicks,,Charlotte Hornets,
Sat Nov 18 2023,7:00p,Minnesota Timberwolves,,New Orleans Pelicans,
Sat Nov 18 2023,8:00p,Miami Heat,,Chicago Bulls,
Sat Nov 18 2023,8:00p,Dallas Mavericks,,Milwaukee Bucks,
Sat Nov 18 2023,8:00p,Memphis Grizzlies,,San Antonio Spurs,
Sat Nov 18 2023,8:30p,Oklahoma City Thunder,,Golden State Warriors,
Sun Nov 19 2023,3:00p,Philadelphia 76ers,,Brooklyn Nets,
Sun Nov 19 2023,4:00p,Detroit Pistons,,Toronto Raptors,
Sun Nov 19 2023,5:00p,Orlando Magic,,Indiana Pacers,
Sun Nov 19 2023,6:00p,Denver Nuggets,,Cleveland Cavaliers,
Sun Nov 19 2023,7:30p,Sacramento Kings,,Dallas Mavericks,
Sun Nov 19 2023,8:00p,Boston Celtics,,Memphis Grizzlies,
Sun Nov 19 2023,8:00p,Phoenix Suns,,Utah Jazz,
Sun Nov 19 2023,9:00p,Oklahoma City Thunder,,Portland Trail Blazers,
Sun Nov 19 2023,9:30p,Houston Rockets,,Los Angeles Lakers,
Mon Nov 20 2023,7:00p,Boston Celtics,,Charlotte Hornets,
Mon Nov 20 2023,7:00p,Denver Nuggets,,Detroit Pistons,
Mon Nov 20 2023,7:00p,Milwaukee Bucks,,Washington Wizards,
Mon Nov 20 2023,8:00p,Miami Heat,,Chicago Bulls,
Mon Nov 20 2023,8:00p,New York Knicks,,Minnesota Timberwolves,
Mon Nov 20 2023,8:00p,Sacramento Kings,,New Orleans Pelicans,
Mon Nov 20 2023,8:00p,Los Angeles Clippers,,San Antonio Spurs,
Mon Nov 20 2023,10:00p,Houston Rockets,,Golden State Warriors,
Tue Nov 21 2023,7:00p,Toronto Raptors,,Orlando Magic,
Tue Nov 21 2023,7:30p,Indiana Pacers,,Atlanta Hawks,
Tue Nov 21 2023,7:30p,Cleveland Cavaliers,,Philadelphia 76ers,
Tue Nov 21 2023,9:00p,Portland Trail Blazers,,Phoenix Suns,
Tue Nov 21 2023,10:00p,Utah Jazz,,Los Angeles Lakers,
Wed Nov 22 2023,7:00p,Washington Wizards,,Charlotte Hornets,
Wed Nov 22 2023,7:00p,Denver Nuggets,,Orlando Magic,
Wed Nov 22 2023,7:30p,Brooklyn Nets,,Atlanta Hawks,
Wed Nov 22 2023,7:30p,Milwaukee Bucks,,Boston Celtics,
Wed Nov 22 2023,7:30p,Miami Heat,,Cleveland Cavaliers,
Wed Nov 22 2023,7:30p,Toronto Raptors,,Indiana Pacers,
Wed Nov 22 2023,8:00p,Memphis Grizzlies,,Houston Rockets,
Wed Nov 22 2023,8:00p,Philadelphia 76ers,,Minnesota Timberwolves,
Wed Nov 22 2023,8:00p,Sacramento Kings,,New Orleans Pelicans,
Wed Nov 22 2023,8:00p,Chicago Bulls,,Oklahoma City Thunder,
Wed Nov 22 2023,8:00p,Los Angeles Clippers,,San Antonio Spurs,
Wed Nov 22 2023,10:00p,Golden State Warriors,,Phoenix Suns,
Wed Nov 22 2023,10:00p,Utah Jazz,,Portland Trail Blazers,
Wed Nov 22 2023,10:30p,Dallas Mavericks,,Los Angeles Lakers,
Fri Nov 24 2023,2:30p,Boston Celtics,,Orlando Magic,
Fri Nov 24 2023,5:00p,Phoenix Suns,,Memphis Grizzlies,
Fri Nov 24 2023,7:30p,Miami Heat,,New York Knicks,
Fri Nov 24 2023,7:30p,Chicago Bulls,,Toronto Raptors,
Fri Nov 24 2023,8:00p,Denver Nuggets,,Houston Rockets,
Fri Nov 24 2023,8:00p,Detroit Pistons,,Indiana Pacers,
Fri Nov 24 2023,8:00p,Washington Wizards,,Milwaukee Bucks,
Fri Nov 24 2023,8:00p,Sacramento Kings,,Minnesota Timberwolves,
Fri Nov 24 2023,10:00p,San Antonio Spurs,,Golden State Warriors,
Fri Nov 24 2023,10:30p,New Orleans Pelicans,,Los Angeles Clippers,
Sat Nov 25 2023,5:00p,Philadelphia 76ers,,Oklahoma City Thunder,
Sat Nov 25 2023,6:00p,Miami Heat,,Brooklyn Nets,
Sat Nov 25 2023,7:00p,Atlanta Hawks,,Washington Wizards,
Sat Nov 25 2023,7:30p,Los Angeles Lakers,,Cleveland Cavaliers,
Sat Nov 25 2023,9:30p,New Orleans Pelicans,,Utah Jazz,
Sat Nov 25 2023,10:30p,Dallas Mavericks,,Los Angeles Clippers,
Sun Nov 26 2023,3:30p,Portland Trail Blazers,,Milwaukee Bucks,
Sun Nov 26 2023,6:00p,Atlanta Hawks,,Boston Celtics,
Sun Nov 26 2023,6:00p,Minnesota Timberwolves,,Memphis Grizzlies,
Sun Nov 26 2023,6:00p,Phoenix Suns,,New York Knicks,
Sun Nov 26 2023,6:00p,Charlotte Hornets,,Orlando Magic,
Sun Nov 26 2023,7:30p,Chicago Bulls,,Brooklyn Nets,
Sun Nov 26 2023,7:30p,Toronto Raptors,,Cleveland Cavaliers,
Sun Nov 26 2023,8:00p,San Antonio Spurs,,Denver Nuggets,
Mon Nov 27 2023,7:00p,Washington Wizards,,Detroit Pistons,
Mon Nov 27 2023,7:00p,Portland Trail Blazers,,Indiana Pacers,
Mon Nov 27 2023,7:00p,Los Angeles Lakers,,Philadelphia 76ers,
Mon Nov 27 2023,9:00p,New Orleans Pelicans,,Utah Jazz,
Mon Nov 27 2023,10:30p,Denver Nuggets,,Los Angeles Clippers,
Tue Nov 28 2023,7:30p,Chicago Bulls,,Boston Celtics,
Tue Nov 28 2023,7:30p,Toronto Raptors,,Brooklyn Nets,
Tue Nov 28 2023,7:30p,Atlanta Hawks,,Cleveland Cavaliers,
Tue Nov 28 2023,7:30p,Milwaukee Bucks,,Miami Heat,
Tue Nov 28 2023,7:30p,Charlotte Hornets,,New York Knicks,
Tue Nov 28 2023,8:00p,Oklahoma City Thunder,,Minnesota Timberwolves,
Tue Nov 28 2023,8:30p,Houston Rockets,,Dallas Mavericks,
Tue Nov 28 2023,10:00p,Golden State Warriors,,Sacramento Kings,
Wed Nov 29 2023,7:00p,Los Angeles Lakers,,Detroit Pistons,
Wed Nov 29 2023,7:00p,Washington Wizards,,Orlando Magic,
Wed Nov 29 2023,7:30p,Phoenix Suns,,Toronto Raptors,
Wed Nov 29 2023,8:00p,Utah Jazz,,Memphis Grizzlies,
Wed Nov 29 2023,8:00p,Philadelphia 76ers,,New Orleans Pelicans,
Wed Nov 29 2023,9:00p,Houston Rockets,,Denver Nuggets,
Wed Nov 29 2023,10:00p,Los Angeles Clippers,,Sacramento Kings,
Thu Nov 30 2023,7:00p,Portland Trail Blazers,,Cleveland Cavaliers,
Thu Nov 30 2023,7:30p,Charlotte Hornets,,Brooklyn Nets,
Thu Nov 30 2023,7:30p,Indiana Pacers,,Miami Heat,
Thu Nov 30 2023,7:30p,Detroit Pistons,,New York Knicks,
Thu Nov 30 2023,8:00p,Milwaukee Bucks,,Chicago Bulls,
Thu Nov 30 2023,8:00p,Utah Jazz,,Minnesota Timberwolves,
Thu Nov 30 2023,8:00p,Los Angeles Lakers,,Oklahoma City Thunder,
Thu Nov 30 2023,8:00p,Atlanta Hawks,,San Antonio Spurs,
Thu Nov 30 2023,10:00p,Los Angeles Clippers,,Golden State Warriors,
Fri Dec 1 2023,7:00p,Washington Wizards,,Orlando Magic,
Fri Dec 1 2023,7:30p,Philadelphia 76ers,,Boston Celtics,
Fri Dec 1 2023,7:30p,Memphis Grizzlies,,Dallas Mavericks,
Fri Dec 1 2023,7:30p,New York Knicks,,Toronto Raptors,
Fri Dec 1 2023,8:00p,San Antonio Spurs,,New Orleans Pelicans,
Fri Dec 1 2023,10:00p,Denver Nuggets,,Phoenix Suns,
Sat Dec 2 2023,4:00p,Golden State Warriors,,Los Angeles Clippers,
Sat Dec 2 2023,5:00p,Minnesota Timberwolves,,Charlotte Hornets,
Sat Dec 2 2023,7:00p,Orlando Magic,,Brooklyn Nets,
Sat Dec 2 2023,7:00p,Cleveland Cavaliers,,Detroit Pistons,
Sat Dec 2 2023,8:00p,New Orleans Pelicans,,Chicago Bulls,
Sat Dec 2 2023,8:00p,Indiana Pacers,,Miami Heat,
Sat Dec 2 2023,8:00p,Atlanta Hawks,,Milwaukee Bucks,
Sat Dec 2 2023,9:00p,Oklahoma City Thunder,,Dallas Mavericks,
Sat Dec 2 2023,9:00p,Memphis Grizzlies,,Phoenix Suns,
Sat Dec 2 2023,9:30p,Portland Trail Blazers,,Utah Jazz,
Sat Dec 2 2023,10:00p,Denver Nuggets,,Sacramento Kings,
Sat Dec 2 2023,10:30p,Houston Rockets,,Los Angeles Lakers,
Mon Dec 11 2023,7:00p,Miami Heat,,Charlotte Hornets,
Mon Dec 11 2023,7:00p,Indiana Pacers,,Detroit Pistons,
Mon Dec 11 2023,7:00p,Cleveland Cavaliers,,Orlando Magic,
Mon Dec 11 2023,7:00p,Washington Wizards,,Philadelphia 76ers,
Mon Dec 11 2023,7:30p,Denver Nuggets,,Atlanta Hawks,
Mon Dec 11 2023,7:30p,Toronto Raptors,,New York Knicks,
Mon Dec 11 2023,8:00p,San Antonio Spurs,,Houston Rockets,
Mon Dec 11 2023,8:00p,Dallas Mavericks,,Memphis Grizzlies,
Mon Dec 11 2023,8:00p,Chicago Bulls,,Milwaukee Bucks,
Mon Dec 11 2023,8:00p,Minnesota Timberwolves,,New Orleans Pelicans,
Mon Dec 11 2023,8:00p,Utah Jazz,,Oklahoma City Thunder,
Mon Dec 11 2023,10:00p,Brooklyn Nets,,Sacramento Kings,
Mon Dec 11 2023,10:30p,Portland Trail Blazers,,Los Angeles Clippers,
Tue Dec 12 2023,7:30p,Cleveland Cavaliers,,Boston Celtics,
Tue Dec 12 2023,7:30p,Los Angeles Lakers,,Dallas Mavericks,
Tue Dec 12 2023,8:00p,Denver Nuggets,,Chicago Bulls,
Tue Dec 12 2023,10:00p,Golden State Warriors,,Phoenix Suns,
Tue Dec 12 2023,10:30p,Sacramento Kings,,Los Angeles Clippers,
Wed Dec 13 2023,7:00p,Philadelphia 76ers,,Detroit Pistons,
Wed Dec 13 2023,7:00p,New Orleans Pelicans,,Washington Wizards,
Wed Dec 13 2023,7:30p,Charlotte Hornets,,Miami Heat,
Wed Dec 13 2023,7:30p,Atlanta Hawks,,Toronto Raptors,
Wed Dec 13 2023,8:00p,Memphis Grizzlies,,Houston Rockets,
Wed Dec 13 2023,8:00p,Indiana Pacers,,Milwaukee Bucks,
Wed Dec 13 2023,8:00p,Los Angeles Lakers,,San Antonio Spurs,
Wed Dec 13 2023,9:00p,Brooklyn Nets,,Phoenix Suns,
Wed Dec 13 2023,9:00p,New York Knicks,,Utah Jazz,
Thu Dec 14 2023,7:30p,Cleveland Cavaliers,,Boston Celtics,
Thu Dec 14 2023,7:30p,Chicago Bulls,,Miami Heat,
Thu Dec 14 2023,8:30p,Minnesota Timberwolves,,Dallas Mavericks,
Thu Dec 14 2023,9:00p,Brooklyn Nets,,Denver Nuggets,
Thu Dec 14 2023,10:00p,Utah Jazz,,Portland Trail Blazers,
Thu Dec 14 2023,10:00p,Oklahoma City Thunder,,Sacramento Kings,
Thu Dec 14 2023,10:30p,Golden State Warriors,,Los Angeles Clippers,
Fri Dec 15 2023,7:00p,New Orleans Pelicans,,Charlotte Hornets,
Fri Dec 15 2023,7:00p,Detroit Pistons,,Philadelphia 76ers,
Fri Dec 15 2023,7:00p,Indiana Pacers,,Washington Wizards,
Fri Dec 15 2023,7:30p,Orlando Magic,,Boston Celtics,
Fri Dec 15 2023,7:30p,Los Angeles Lakers,,San Antonio Spurs,
Fri Dec 15 2023,7:30p,Atlanta Hawks,,Toronto Raptors,
Fri Dec 15 2023,8:00p,Houston Rockets,,Memphis Grizzlies,
Fri Dec 15 2023,10:00p,New York Knicks,,Phoenix Suns,
Sat Dec 16 2023,6:00p,Detroit Pistons,,Milwaukee Bucks,
Sat Dec 16 2023,7:00p,Philadelphia 76ers,,Charlotte Hornets,
Sat Dec 16 2023,7:30p,Atlanta Hawks,,Cleveland Cavaliers,
Sat Dec 16 2023,8:00p,Chicago Bulls,,Miami Heat,
Sat Dec 16 2023,8:00p,Indiana Pacers,,Minnesota Timberwolves,
Sat Dec 16 2023,8:30p,Brooklyn Nets,,Golden State Warriors,
Sat Dec 16 2023,9:00p,Oklahoma City Thunder,,Denver Nuggets,
Sat Dec 16 2023,9:00p,Dallas Mavericks,,Portland Trail Blazers,
Sat Dec 16 2023,10:00p,Utah Jazz,,Sacramento Kings,
Sat Dec 16 2023,10:30p,New York Knicks,,Los Angeles Clippers,
Sun Dec 17 2023,3:00p,Orlando Magic,,Boston Celtics,
Sun Dec 17 2023,3:30p,New Orleans Pelicans,,San Antonio Spurs,
Sun Dec 17 2023,7:00p,Houston Rockets,,Milwaukee Bucks,
Sun Dec 17 2023,8:00p,Washington Wizards,,Phoenix Suns,
Sun Dec 17 2023,9:00p,Golden State Warriors,,Portland Trail Blazers,
Mon Dec 18 2023,7:00p,Houston Rockets,,Cleveland Cavaliers,
Mon Dec 18 2023,7:00p,Los Angeles Clippers,,Indiana Pacers,
Mon Dec 18 2023,7:00p,Chicago Bulls,,Philadelphia 76ers,
Mon Dec 18 2023,7:30p,Detroit Pistons,,Atlanta Hawks,
Mon Dec 18 2023,7:30p,Minnesota Timberwolves,,Miami Heat,
Mon Dec 18 2023,7:30p,Charlotte Hornets,,Toronto Raptors,
Mon Dec 18 2023,8:00p,Memphis Grizzlies,,Oklahoma City Thunder,
Mon Dec 18 2023,9:00p,Dallas Mavericks,,Denver Nuggets,
Mon Dec 18 2023,9:00p,Brooklyn Nets,,Utah Jazz,
Mon Dec 18 2023,10:00p,Washington Wizards,,Sacramento Kings,
Mon Dec 18 2023,10:30p,New York Knicks,,Los Angeles Lakers,
Tue Dec 19 2023,7:30p,Memphis Grizzlies,,New Orleans Pelicans,
Tue Dec 19 2023,8:00p,San Antonio Spurs,,Milwaukee Bucks,
Tue Dec 19 2023,10:00p,Boston Celtics,,Golden State Warriors,
Tue Dec 19 2023,10:00p,Phoenix Suns,,Portland Trail Blazers,
Wed Dec 20 2023,7:00p,Utah Jazz,,Cleveland Cavaliers,
Wed Dec 20 2023,7:00p,Charlotte Hornets,,Indiana Pacers,
Wed Dec 20 2023,7:00p,Miami Heat,,Orlando Magic,
Wed Dec 20 2023,7:00p,Minnesota Timberwolves,,Philadelphia 76ers,
Wed Dec 20 2023,7:30p,New York Knicks,,Brooklyn Nets,
Wed Dec 20 2023,7:30p,Denver Nuggets,,Toronto Raptors,
Wed Dec 20 2023,8:00p,Los Angeles Lakers,,Chicago Bulls,
Wed Dec 20 2023,8:00p,Atlanta Hawks,,Houston Rockets,
Wed Dec 20 2023,8:30p,Los Angeles Clippers,,Dallas Mavericks,
Wed Dec 20 2023,10:00p,Boston Celtics,,Sacramento Kings,
Thu Dec 21 2023,7:00p,Utah Jazz,,Detroit Pistons,
Thu Dec 21 2023,7:30p,New Orleans Pelicans,,Cleveland Cavaliers,
Thu Dec 21 2023,8:00p,San Antonio Spurs,,Chicago Bulls,
Thu Dec 21 2023,8:00p,Indiana Pacers,,Memphis Grizzlies,
Thu Dec 21 2023,8:00p,Orlando Magic,,Milwaukee Bucks,
Thu Dec 21 2023,8:00p,Los Angeles Clippers,,Oklahoma City Thunder,
Thu Dec 21 2023,9:00p,Los Angeles Lakers,,Minnesota Timberwolves,
Thu Dec 21 2023,10:00p,Washington Wizards,,Portland Trail Blazers,
Fri Dec 22 2023,6:30p,Denver Nuggets,,Brooklyn Nets,
Fri Dec 22 2023,7:00p,Toronto Raptors,,Philadelphia 76ers,
Fri Dec 22 2023,8:00p,Dallas Mavericks,,Houston Rockets,
Fri Dec 22 2023,8:00p,Atlanta Hawks,,Miami Heat,
Fri Dec 22 2023,10:00p,Washington Wizards,,Golden State Warriors,
Fri Dec 22 2023,10:00p,Phoenix Suns,,Sacramento Kings,
Sat Dec 23 2023,12:30p,Milwaukee Bucks,,New York Knicks,
Sat Dec 23 2023,3:30p,Boston Celtics,,Los Angeles Clippers,
Sat Dec 23 2023,7:00p,Denver Nuggets,,Charlotte Hornets,
Sat Dec 23 2023,7:00p,Orlando Magic,,Indiana Pacers,
Sat Dec 23 2023,7:00p,Houston Rockets,,New Orleans Pelicans,
Sat Dec 23 2023,7:30p,Memphis Grizzlies,,Atlanta Hawks,
Sat Dec 23 2023,7:30p,Detroit Pistons,,Brooklyn Nets,
Sat Dec 23 2023,7:30p,Utah Jazz,,Toronto Raptors,
Sat Dec 23 2023,8:00p,Cleveland Cavaliers,,Chicago Bulls,
Sat Dec 23 2023,8:00p,Los Angeles Lakers,,Oklahoma City Thunder,
Sat Dec 23 2023,8:30p,San Antonio Spurs,,Dallas Mavericks,
Sat Dec 23 2023,8:30p,Portland Trail Blazers,,Golden State Warriors,
Sat Dec 23 2023,10:00p,Minnesota Timberwolves,,Sacramento Kings,
Mon Dec 25 2023,12:00p,Milwaukee Bucks,,New York Knicks,
Mon Dec 25 2023,2:30p,Golden State Warriors,,Denver Nuggets,
Mon Dec 25 2023,5:00p,Boston Celtics,,Los Angeles Lakers,
Mon Dec 25 2023,8:00p,Philadelphia 76ers,,Miami Heat,
Mon Dec 25 2023,10:30p,Dallas Mavericks,,Phoenix Suns,
Tue Dec 26 2023,7:00p,Brooklyn Nets,,Detroit Pistons,
Tue Dec 26 2023,7:00p,Orlando Magic,,Washington Wizards,
Tue Dec 26 2023,8:00p,Atlanta Hawks,,Chicago Bulls,
Tue Dec 26 2023,8:00p,Indiana Pacers,,Houston Rockets,
Tue Dec 26 2023,8:00p,Memphis Grizzlies,,New Orleans Pelicans,
Tue Dec 26 2023,8:00p,Minnesota Timberwolves,,Oklahoma City Thunder,
Tue Dec 26 2023,8:00p,Utah Jazz,,San Antonio Spurs,
Tue Dec 26 2023,10:00p,Sacramento Kings,,Portland Trail Blazers,
Tue Dec 26 2023,10:30p,Charlotte Hornets,,Los Angeles Clippers,
Wed Dec 27 2023,7:00p,Philadelphia 76ers,,Orlando Magic,
Wed Dec 27 2023,7:00p,Toronto Raptors,,Washington Wizards,
Wed Dec 27 2023,7:30p,Milwaukee Bucks,,Brooklyn Nets,
Wed Dec 27 2023,8:00p,Phoenix Suns,,Houston Rockets,
Wed Dec 27 2023,8:00p,New York Knicks,,Oklahoma City Thunder,
Wed Dec 27 2023,8:30p,Cleveland Cavaliers,,Dallas Mavericks,
Thu Dec 28 2023,7:30p,Detroit Pistons,,Boston Celtics,
Thu Dec 28 2023,8:00p,Indiana Pacers,,Chicago Bulls,
Thu Dec 28 2023,8:00p,Dallas Mavericks,,Minnesota Timberwolves,
Thu Dec 28 2023,8:00p,Utah Jazz,,New Orleans Pelicans,
Thu Dec 28 2023,9:00p,Memphis Grizzlies,,Denver Nuggets,
Thu Dec 28 2023,10:00p,Miami Heat,,Golden State Warriors,
Thu Dec 28 2023,10:00p,San Antonio Spurs,,Portland Trail Blazers,
Thu Dec 28 2023,10:30p,Charlotte Hornets,,Los Angeles Lakers,
Fri Dec 29 2023,7:00p,New York Knicks,,Orlando Magic,
Fri Dec 29 2023,7:00p,Brooklyn Nets,,Washington Wizards,
Fri Dec 29 2023,7:30p,Sacramento Kings,,Atlanta Hawks,
Fri Dec 29 2023,7:30p,Toronto Raptors,,Boston Celtics,
Fri Dec 29 2023,7:30p,Milwaukee Bucks,,Cleveland Cavaliers,
Fri Dec 29 2023,8:00p,Philadelphia 76ers,,Houston Rockets,
Fri Dec 29 2023,9:00p,Oklahoma City Thunder,,Denver Nuggets,
Fri Dec 29 2023,9:00p,Charlotte Hornets,,Phoenix Suns,
Fri Dec 29 2023,10:00p,San Antonio Spurs,,Portland Trail Blazers,
Fri Dec 29 2023,10:30p,Memphis Grizzlies,,Los Angeles Clippers,
Sat Dec 30 2023,5:00p,Miami Heat,,Utah Jazz,
Sat Dec 30 2023,6:00p,Toronto Raptors,,Detroit Pistons,
Sat Dec 30 2023,7:00p,New York Knicks,,Indiana Pacers,
Sat Dec 30 2023,8:00p,Philadelphia 76ers,,Chicago Bulls,
Sat Dec 30 2023,8:00p,Los Angeles Lakers,,Minnesota Timberwolves,
Sat Dec 30 2023,8:30p,Dallas Mavericks,,Golden State Warriors,
Sun Dec 31 2023,3:00p,Atlanta Hawks,,Washington Wizards,
Sun Dec 31 2023,7:00p,Los Angeles Lakers,,New Orleans Pelicans,
Sun Dec 31 2023,7:00p,Brooklyn Nets,,Oklahoma City Thunder,
Sun Dec 31 2023,7:00p,Boston Celtics,,San Antonio Spurs,
Sun Dec 31 2023,8:00p,Sacramento Kings,,Memphis Grizzlies,
Sun Dec 31 2023,8:00p,Orlando Magic,,Phoenix Suns,
Mon Jan 1 2024,3:00p,Minnesota Timberwolves,,New York Knicks,
Mon Jan 1 2024,7:30p,Cleveland Cavaliers,,Toronto Raptors,
Mon Jan 1 2024,8:00p,Detroit Pistons,,Houston Rockets,
Mon Jan 1 2024,8:00p,Indiana Pacers,,Milwaukee Bucks,
Mon Jan 1 2024,9:00p,Charlotte Hornets,,Denver Nuggets,
Mon Jan 1 2024,9:00p,Portland Trail Blazers,,Phoenix Suns,
Mon Jan 1 2024,9:00p,Dallas Mavericks,,Utah Jazz,
Mon Jan 1 2024,10:30p,Miami Heat,,Los Angeles Clippers,
Tue Jan 2 2024,7:00p,Chicago Bulls,,Philadelphia 76ers,
Tue Jan 2 2024,8:00p,San Antonio Spurs,,Memphis Grizzlies,
Tue Jan 2 2024,8:00p,Brooklyn Nets,,New Orleans Pelicans,
Tue Jan 2 2024,8:00p,Boston Celtics,,Oklahoma City Thunder,
Tue Jan 2 2024,10:00p,Orlando Magic,,Golden State Warriors,
Tue Jan 2 2024,10:00p,Charlotte Hornets,,Sacramento Kings,
Wed Jan 3 2024,7:00p,Washington Wizards,,Cleveland Cavaliers,
Wed Jan 3 2024,7:00p,Milwaukee Bucks,,Indiana Pacers,
Wed Jan 3 2024,7:30p,Oklahoma City Thunder,,Atlanta Hawks,
Wed Jan 3 2024,8:00p,Brooklyn Nets,,Houston Rockets,
Wed Jan 3 2024,8:00p,Toronto Raptors,,Memphis Grizzlies,
Wed Jan 3 2024,8:00p,New Orleans Pelicans,,Minnesota Timberwolves,
Wed Jan 3 2024,8:30p,Portland Trail Blazers,,Dallas Mavericks,
Wed Jan 3 2024,8:30p,Chicago Bulls,,New York Knicks,
Wed Jan 3 2024,9:00p,Los Angeles Clippers,,Phoenix Suns,
Wed Jan 3 2024,9:00p,Detroit Pistons,,Utah Jazz,
Wed Jan 3 2024,10:00p,Miami Heat,,Los Angeles Lakers,
Wed Jan 3 2024,10:00p,Orlando Magic,,Sacramento Kings,
Thu Jan 4 2024,7:30p,Milwaukee Bucks,,San Antonio Spurs,
Thu Jan 4 2024,10:00p,Denver Nuggets,,Golden State Warriors,
Fri Jan 5 2024,7:00p,Utah Jazz,,Boston Celtics,
Fri Jan 5 2024,7:00p,Atlanta Hawks,,Indiana Pacers,
Fri Jan 5 2024,7:30p,Oklahoma City Thunder,,Brooklyn Nets,
Fri Jan 5 2024,7:30p,Washington Wizards,,Cleveland Cavaliers,
Fri Jan 5 2024,7:30p,New York Knicks,,Philadelphia 76ers,
Fri Jan 5 2024,8:00p,Charlotte Hornets,,Chicago Bulls,
Fri Jan 5 2024,8:00p,Minnesota Timberwolves,,Houston Rockets,
Fri Jan 5 2024,8:00p,Los Angeles Clippers,,New Orleans Pelicans,
Fri Jan 5 2024,8:30p,Portland Trail Blazers,,Dallas Mavericks,
Fri Jan 5 2024,9:00p,Orlando Magic,,Denver Nuggets,
Fri Jan 5 2024,9:00p,Miami Heat,,Phoenix Suns,
Fri Jan 5 2024,10:00p,Detroit Pistons,,Golden State Warriors,
Fri Jan 5 2024,10:00p,Memphis Grizzlies,,Los Angeles Lakers,
Fri Jan 5 2024,10:00p,Toronto Raptors,,Sacramento Kings,
Sat Jan 6 2024,7:00p,Boston Celtics,,Indiana Pacers,
Sat Jan 6 2024,7:00p,New York Knicks,,Washington Wizards,
Sat Jan 6 2024,7:30p,Utah Jazz,,Philadelphia 76ers,
Sat Jan 6 2024,8:00p,Milwaukee Bucks,,Houston Rockets,
Sun Jan 7 2024,1:00p,San Antonio Spurs,,Cleveland Cavaliers,
Sun Jan 7 2024,3:00p,Portland Trail Blazers,,Brooklyn Nets,
Sun Jan 7 2024,6:00p,Atlanta Hawks,,Orlando Magic,
Sun Jan 7 2024,6:00p,New Orleans Pelicans,,Sacramento Kings,
Sun Jan 7 2024,7:30p,Minnesota Timberwolves,,Dallas Mavericks,
Sun Jan 7 2024,8:00p,Detroit Pistons,,Denver Nuggets,
Sun Jan 7 2024,8:00p,Memphis Grizzlies,,Phoenix Suns,
Sun Jan 7 2024,8:30p,Toronto Raptors,,Golden State Warriors,
Sun Jan 7 2024,9:30p,Los Angeles Clippers,,Los Angeles Lakers,
Mon Jan 8 2024,7:00p,Chicago Bulls,,Charlotte Hornets,
Mon Jan 8 2024,7:00p,Boston Celtics,,Indiana Pacers,
Mon Jan 8 2024,7:00p,Oklahoma City Thunder,,Washington Wizards,
Mon Jan 8 2024,7:30p,Houston Rockets,,Miami Heat,
Mon Jan 8 2024,8:00p,Utah Jazz,,Milwaukee Bucks,
Mon Jan 8 2024,10:30p,Phoenix Suns,,Los Angeles Clippers,
Tue Jan 9 2024,7:00p,Sacramento Kings,,Detroit Pistons,
Tue Jan 9 2024,7:00p,Minnesota Timberwolves,,Orlando Magic,
Tue Jan 9 2024,7:30p,Portland Trail Blazers,,New York Knicks,
Tue Jan 9 2024,8:30p,Memphis Grizzlies,,Dallas Mavericks,
Tue Jan 9 2024,10:30p,Toronto Raptors,,Los Angeles Lakers,
Wed Jan 10 2024,7:00p,Minnesota Timberwolves,,Boston Celtics,
Wed Jan 10 2024,7:00p,Sacramento Kings,,Charlotte Hornets,
Wed Jan 10 2024,7:00p,San Antonio Spurs,,Detroit Pistons,
Wed Jan 10 2024,7:00p,Washington Wizards,,Indiana Pacers,
Wed Jan 10 2024,7:30p,Philadelphia 76ers,,Atlanta Hawks,
Wed Jan 10 2024,7:30p,Oklahoma City Thunder,,Miami Heat,
Wed Jan 10 2024,8:00p,Houston Rockets,,Chicago Bulls,
Wed Jan 10 2024,8:30p,New Orleans Pelicans,,Golden State Warriors,
Wed Jan 10 2024,10:00p,Denver Nuggets,,Utah Jazz,
Wed Jan 10 2024,10:30p,Toronto Raptors,,Los Angeles Clippers,
Thu Jan 11 2024,2:00p,Brooklyn Nets,,Cleveland Cavaliers,
Thu Jan 11 2024,7:30p,Boston Celtics,,Milwaukee Bucks,
Thu Jan 11 2024,8:00p,Portland Trail Blazers,,Oklahoma City Thunder,
Thu Jan 11 2024,8:30p,New York Knicks,,Dallas Mavericks,
Thu Jan 11 2024,10:00p,Phoenix Suns,,Los Angeles Lakers,
Fri Jan 12 2024,7:00p,Sacramento Kings,,Philadelphia 76ers,
Fri Jan 12 2024,7:30p,Indiana Pacers,,Atlanta Hawks,
Fri Jan 12 2024,7:30p,Houston Rockets,,Detroit Pistons,
Fri Jan 12 2024,8:00p,Golden State Warriors,,Chicago Bulls,
Fri Jan 12 2024,8:00p,Los Angeles Clippers,,Memphis Grizzlies,
Fri Jan 12 2024,8:00p,Orlando Magic,,Miami Heat,
Fri Jan 12 2024,8:00p,Portland Trail Blazers,,Minnesota Timberwolves,
Fri Jan 12 2024,9:00p,New Orleans Pelicans,,Denver Nuggets,
Fri Jan 12 2024,9:30p,Toronto Raptors,,Utah Jazz,
Fri Jan 12 2024,10:00p,Charlotte Hornets,,San Antonio Spurs,
Sat Jan 13 2024,7:00p,Houston Rockets,,Boston Celtics,
Sat Jan 13 2024,7:30p,Washington Wizards,,Atlanta Hawks,
Sat Jan 13 2024,8:00p,New York Knicks,,Memphis Grizzlies,
Sat Jan 13 2024,8:00p,Golden State Warriors,,Milwaukee Bucks,
Sat Jan 13 2024,8:00p,Orlando Magic,,Oklahoma City Thunder,
Sat Jan 13 2024,8:30p,New Orleans Pelicans,,Dallas Mavericks,
Sat Jan 13 2024,8:30p,Chicago Bulls,,San Antonio Spurs,
Sat Jan 13 2024,9:30p,Los Angeles Lakers,,Utah Jazz,
Sun Jan 14 2024,3:30p,Indiana Pacers,,Denver Nuggets,
Sun Jan 14 2024,6:00p,Charlotte Hornets,,Miami Heat,
Sun Jan 14 2024,7:00p,Sacramento Kings,,Milwaukee Bucks,
Sun Jan 14 2024,7:00p,Los Angeles Clippers,,Minnesota Timberwolves,
Sun Jan 14 2024,9:00p,Phoenix Suns,,Portland Trail Blazers,
Mon Jan 15 2024,1:00p,Houston Rockets,,Philadelphia 76ers,
Mon Jan 15 2024,2:30p,New Orleans Pelicans,,Dallas Mavericks,
Mon Jan 15 2024,3:00p,Orlando Magic,,New York Knicks,
Mon Jan 15 2024,3:00p,Detroit Pistons,,Washington Wizards,
Mon Jan 15 2024,3:30p,San Antonio Spurs,,Atlanta Hawks,
Mon Jan 15 2024,6:00p,Golden State Warriors,,Memphis Grizzlies,
Mon Jan 15 2024,7:00p,Chicago Bulls,,Cleveland Cavaliers,
Mon Jan 15 2024,7:30p,Miami Heat,,Brooklyn Nets,
Mon Jan 15 2024,7:30p,Boston Celtics,,Toronto Raptors,
Mon Jan 15 2024,9:00p,Indiana Pacers,,Utah Jazz,
Mon Jan 15 2024,10:30p,Oklahoma City Thunder,,Los Angeles Lakers,
Tue Jan 16 2024,7:30p,Denver Nuggets,,Philadelphia 76ers,
Tue Jan 16 2024,9:00p,Sacramento Kings,,Phoenix Suns,
Tue Jan 16 2024,10:00p,Oklahoma City Thunder,,Los Angeles Clippers,
Wed Jan 17 2024,7:00p,Minnesota Timberwolves,,Detroit Pistons,
Wed Jan 17 2024,7:30p,Orlando Magic,,Atlanta Hawks,
Wed Jan 17 2024,7:30p,San Antonio Spurs,,Boston Celtics,
Wed Jan 17 2024,7:30p,Milwaukee Bucks,,Cleveland Cavaliers,
Wed Jan 17 2024,7:30p,Houston Rockets,,New York Knicks,
Wed Jan 17 2024,7:30p,Miami Heat,,Toronto Raptors,
Wed Jan 17 2024,8:00p,Charlotte Hornets,,New Orleans Pelicans,
Wed Jan 17 2024,8:30p,Dallas Mavericks,,Los Angeles Lakers,
Wed Jan 17 2024,9:00p,Golden State Warriors,,Utah Jazz,
Wed Jan 17 2024,10:00p,Brooklyn Nets,,Portland Trail Blazers,
Thu Jan 18 2024,7:30p,Washington Wizards,,New York Knicks,
Thu Jan 18 2024,7:30p,Chicago Bulls,,Toronto Raptors,
Thu Jan 18 2024,9:00p,Oklahoma City Thunder,,Utah Jazz,
Thu Jan 18 2024,10:00p,Memphis Grizzlies,,Minnesota Timberwolves,
Thu Jan 18 2024,10:00p,Indiana Pacers,,Sacramento Kings,
Fri Jan 19 2024,7:00p,San Antonio Spurs,,Charlotte Hornets,
Fri Jan 19 2024,7:00p,Philadelphia 76ers,,Orlando Magic,
Fri Jan 19 2024,7:30p,Denver Nuggets,,Boston Celtics,
Fri Jan 19 2024,8:00p,Atlanta Hawks,,Miami Heat,
Fri Jan 19 2024,8:00p,Phoenix Suns,,New Orleans Pelicans,
Fri Jan 19 2024,10:00p,Dallas Mavericks,,Golden State Warriors,
Fri Jan 19 2024,10:00p,Indiana Pacers,,Portland Trail Blazers,
Fri Jan 19 2024,10:30p,Brooklyn Nets,,Los Angeles Lakers,
Sat Jan 20 2024,3:00p,Milwaukee Bucks,,Detroit Pistons,
Sat Jan 20 2024,7:00p,Philadelphia 76ers,,Charlotte Hornets,
Sat Jan 20 2024,7:00p,San Antonio Spurs,,Washington Wizards,
Sat Jan 20 2024,7:30p,Cleveland Cavaliers,,Atlanta Hawks,
Sat Jan 20 2024,7:30p,Toronto Raptors,,New York Knicks,
Sat Jan 20 2024,8:00p,Memphis Grizzlies,,Chicago Bulls,
Sat Jan 20 2024,8:00p,Utah Jazz,,Houston Rockets,
Sat Jan 20 2024,8:00p,Oklahoma City Thunder,,Minnesota Timberwolves,
Sun Jan 21 2024,3:30p,Brooklyn Nets,,Los Angeles Clippers,
Sun Jan 21 2024,6:00p,Miami Heat,,Orlando Magic,
Sun Jan 21 2024,6:00p,Denver Nuggets,,Washington Wizards,
Sun Jan 21 2024,7:00p,Boston Celtics,,Houston Rockets,
Sun Jan 21 2024,8:00p,Indiana Pacers,,Phoenix Suns,
Sun Jan 21 2024,10:00p,Portland Trail Blazers,,Los Angeles Lakers,
Mon Jan 22 2024,7:00p,Milwaukee Bucks,,Detroit Pistons,
Mon Jan 22 2024,7:00p,Cleveland Cavaliers,,Orlando Magic,
Mon Jan 22 2024,7:00p,San Antonio Spurs,,Philadelphia 76ers,
Mon Jan 22 2024,7:30p,Memphis Grizzlies,,Toronto Raptors,
Mon Jan 22 2024,8:00p,Charlotte Hornets,,Minnesota Timberwolves,
Mon Jan 22 2024,8:30p,Boston Celtics,,Dallas Mavericks,
Mon Jan 22 2024,9:00p,Chicago Bulls,,Phoenix Suns,
Mon Jan 22 2024,10:00p,Atlanta Hawks,,Sacramento Kings,
Tue Jan 23 2024,7:00p,Denver Nuggets,,Indiana Pacers,
Tue Jan 23 2024,7:30p,New York Knicks,,Brooklyn Nets,
Tue Jan 23 2024,8:00p,Utah Jazz,,New Orleans Pelicans,
Tue Jan 23 2024,8:00p,Portland Trail Blazers,,Oklahoma City Thunder,
Tue Jan 23 2024,10:00p,Los Angeles Lakers,,Los Angeles Clippers,
Wed Jan 24 2024,7:00p,Charlotte Hornets,,Detroit Pistons,
Wed Jan 24 2024,7:00p,Minnesota Timberwolves,,Washington Wizards,
Wed Jan 24 2024,7:30p,Memphis Grizzlies,,Miami Heat,
Wed Jan 24 2024,8:00p,Portland Trail Blazers,,Houston Rockets,
Wed Jan 24 2024,8:00p,Cleveland Cavaliers,,Milwaukee Bucks,
Wed Jan 24 2024,8:30p,Oklahoma City Thunder,,San Antonio Spurs,
Wed Jan 24 2024,9:30p,Phoenix Suns,,Dallas Mavericks,
Wed Jan 24 2024,10:00p,Atlanta Hawks,,Golden State Warriors,
Thu Jan 25 2024,7:00p,Philadelphia 76ers,,Indiana Pacers,
Thu Jan 25 2024,7:00p,Utah Jazz,,Washington Wizards,
Thu Jan 25 2024,7:30p,Minnesota Timberwolves,,Brooklyn Nets,
Thu Jan 25 2024,7:30p,Boston Celtics,,Miami Heat,
Thu Jan 25 2024,7:30p,Denver Nuggets,,New York Knicks,
Thu Jan 25 2024,10:00p,Sacramento Kings,,Golden State Warriors,
Thu Jan 25 2024,10:30p,Chicago Bulls,,Los Angeles Lakers,
Fri Jan 26 2024,7:00p,Dallas Mavericks,,Atlanta Hawks,
Fri Jan 26 2024,7:00p,Houston Rockets,,Charlotte Hornets,
Fri Jan 26 2024,7:00p,Phoenix Suns,,Indiana Pacers,
Fri Jan 26 2024,7:30p,Los Angeles Clippers,,Toronto Raptors,
Fri Jan 26 2024,8:00p,Orlando Magic,,Memphis Grizzlies,
Fri Jan 26 2024,8:00p,Cleveland Cavaliers,,Milwaukee Bucks,
Fri Jan 26 2024,8:00p,Oklahoma City Thunder,,New Orleans Pelicans,
Fri Jan 26 2024,9:30p,Portland Trail Blazers,,San Antonio Spurs,
Sat Jan 27 2024,12:00p,Washington Wizards,,Detroit Pistons,
Sat Jan 27 2024,3:00p,Miami Heat,,New York Knicks,
Sat Jan 27 2024,5:30p,Philadelphia 76ers,,Denver Nuggets,
Sat Jan 27 2024,6:00p,Houston Rockets,,Brooklyn Nets,
Sat Jan 27 2024,7:00p,Los Angeles Clippers,,Boston Celtics,
Sat Jan 27 2024,7:00p,Utah Jazz,,Charlotte Hornets,
Sat Jan 27 2024,8:00p,New Orleans Pelicans,,Milwaukee Bucks,
Sat Jan 27 2024,8:30p,Los Angeles Lakers,,Golden State Warriors,
Sat Jan 27 2024,8:30p,Minnesota Timberwolves,,San Antonio Spurs,
Sat Jan 27 2024,9:00p,Sacramento Kings,,Dallas Mavericks,
Sun Jan 28 2024,3:30p,Memphis Grizzlies,,Indiana Pacers,
Sun Jan 28 2024,6:00p,Toronto Raptors,,Atlanta Hawks,
Sun Jan 28 2024,6:00p,Oklahoma City Thunder,,Detroit Pistons,
Sun Jan 28 2024,6:00p,Phoenix Suns,,Orlando Magic,
Sun Jan 28 2024,9:00p,Chicago Bulls,,Portland Trail Blazers,
Mon Jan 29 2024,7:00p,New York Knicks,,Charlotte Hornets,
Mon Jan 29 2024,7:00p,Los Angeles Clippers,,Cleveland Cavaliers,
Mon Jan 29 2024,7:30p,New Orleans Pelicans,,Boston Celtics,
Mon Jan 29 2024,7:30p,Utah Jazz,,Brooklyn Nets,
Mon Jan 29 2024,7:30p,Phoenix Suns,,Miami Heat,
Mon Jan 29 2024,8:00p,Los Angeles Lakers,,Houston Rockets,
Mon Jan 29 2024,8:00p,Sacramento Kings,,Memphis Grizzlies,
Mon Jan 29 2024,8:00p,Minnesota Timberwolves,,Oklahoma City Thunder,
Mon Jan 29 2024,8:00p,Washington Wizards,,San Antonio Spurs,
Mon Jan 29 2024,8:30p,Orlando Magic,,Dallas Mavericks,
Mon Jan 29 2024,9:00p,Milwaukee Bucks,,Denver Nuggets,
Mon Jan 29 2024,10:00p,Philadelphia 76ers,,Portland Trail Blazers,
Tue Jan 30 2024,7:30p,Los Angeles Lakers,,Atlanta Hawks,
Tue Jan 30 2024,7:30p,Indiana Pacers,,Boston Celtics,
Tue Jan 30 2024,7:30p,Utah Jazz,,New York Knicks,
Tue Jan 30 2024,8:00p,Toronto Raptors,,Chicago Bulls,
Tue Jan 30 2024,10:00p,Philadelphia 76ers,,Golden State Warriors,
Wed Jan 31 2024,7:00p,Chicago Bulls,,Charlotte Hornets,
Wed Jan 31 2024,7:00p,Detroit Pistons,,Cleveland Cavaliers,
Wed Jan 31 2024,7:00p,Los Angeles Clippers,,Washington Wizards,
Wed Jan 31 2024,7:30p,Sacramento Kings,,Miami Heat,
Wed Jan 31 2024,8:00p,New Orleans Pelicans,,Houston Rockets,
Wed Jan 31 2024,8:00p,Dallas Mavericks,,Minnesota Timberwolves,
Wed Jan 31 2024,8:00p,Denver Nuggets,,Oklahoma City Thunder,
Wed Jan 31 2024,8:00p,Orlando Magic,,San Antonio Spurs,
Wed Jan 31 2024,8:30p,Phoenix Suns,,Brooklyn Nets,
Wed Jan 31 2024,10:00p,Milwaukee Bucks,,Portland Trail Blazers,
Thu Feb 1 2024,7:30p,Los Angeles Lakers,,Boston Celtics,
Thu Feb 1 2024,7:30p,Indiana Pacers,,New York Knicks,
Thu Feb 1 2024,9:00p,Philadelphia 76ers,,Utah Jazz,
Thu Feb 1 2024,10:00p,Cleveland Cavaliers,,Memphis Grizzlies,
Fri Feb 2 2024,7:00p,Los Angeles Clippers,,Detroit Pistons,
Fri Feb 2 2024,7:00p,Miami Heat,,Washington Wizards,
Fri Feb 2 2024,7:30p,Phoenix Suns,,Atlanta Hawks,
Fri Feb 2 2024,7:30p,Sacramento Kings,,Indiana Pacers,
Fri Feb 2 2024,8:00p,Toronto Raptors,,Houston Rockets,
Fri Feb 2 2024,8:00p,Golden State Warriors,,Memphis Grizzlies,
Fri Feb 2 2024,8:00p,Orlando Magic,,Minnesota Timberwolves,
Fri Feb 2 2024,8:00p,Charlotte Hornets,,Oklahoma City Thunder,
Fri Feb 2 2024,8:00p,New Orleans Pelicans,,San Antonio Spurs,
Fri Feb 2 2024,9:00p,Portland Trail Blazers,,Denver Nuggets,
Sat Feb 3 2024,6:00p,Brooklyn Nets,,Philadelphia 76ers,
Sat Feb 3 2024,7:30p,Golden State Warriors,,Atlanta Hawks,
Sat Feb 3 2024,8:00p,Sacramento Kings,,Chicago Bulls,
Sat Feb 3 2024,8:30p,Milwaukee Bucks,,Dallas Mavericks,
Sat Feb 3 2024,8:30p,Los Angeles Lakers,,New York Knicks,
Sat Feb 3 2024,8:30p,Cleveland Cavaliers,,San Antonio Spurs,
Sun Feb 4 2024,3:00p,Orlando Magic,,Detroit Pistons,
Sun Feb 4 2024,3:30p,Phoenix Suns,,Washington Wizards,
Sun Feb 4 2024,6:00p,Memphis Grizzlies,,Boston Celtics,
Sun Feb 4 2024,6:00p,Indiana Pacers,,Charlotte Hornets,
Sun Feb 4 2024,6:00p,Los Angeles Clippers,,Miami Heat,
Sun Feb 4 2024,7:00p,Houston Rockets,,Minnesota Timberwolves,
Sun Feb 4 2024,7:00p,Toronto Raptors,,Oklahoma City Thunder,
Sun Feb 4 2024,8:00p,Milwaukee Bucks,,Utah Jazz,
Sun Feb 4 2024,8:30p,Portland Trail Blazers,,Denver Nuggets,
Mon Feb 5 2024,7:00p,Los Angeles Lakers,,Charlotte Hornets,
Mon Feb 5 2024,7:00p,Sacramento Kings,,Cleveland Cavaliers,
Mon Feb 5 2024,7:00p,Dallas Mavericks,,Philadelphia 76ers,
Mon Feb 5 2024,7:30p,Los Angeles Clippers,,Atlanta Hawks,
Mon Feb 5 2024,7:30p,Golden State Warriors,,Brooklyn Nets,
Mon Feb 5 2024,8:00p,Toronto Raptors,,New Orleans Pelicans,
Tue Feb 6 2024,7:00p,Houston Rockets,,Indiana Pacers,
Tue Feb 6 2024,7:30p,Dallas Mavericks,,Brooklyn Nets,
Tue Feb 6 2024,7:30p,Orlando Magic,,Miami Heat,
Tue Feb 6 2024,7:30p,Memphis Grizzlies,,New York Knicks,
Tue Feb 6 2024,8:00p,Minnesota Timberwolves,,Chicago Bulls,
Tue Feb 6 2024,9:00p,Oklahoma City Thunder,,Utah Jazz,
Tue Feb 6 2024,10:00p,Milwaukee Bucks,,Phoenix Suns,
Wed Feb 7 2024,7:00p,Toronto Raptors,,Charlotte Hornets,
Wed Feb 7 2024,7:00p,Golden State Warriors,,Philadelphia 76ers,
Wed Feb 7 2024,7:00p,Cleveland Cavaliers,,Washington Wizards,
Wed Feb 7 2024,7:30p,Atlanta Hawks,,Boston Celtics,
Wed Feb 7 2024,7:30p,San Antonio Spurs,,Miami Heat,
Wed Feb 7 2024,10:00p,New Orleans Pelicans,,Los Angeles Clippers,
Wed Feb 7 2024,10:00p,Detroit Pistons,,Sacramento Kings,
Thu Feb 8 2024,7:00p,Golden State Warriors,,Indiana Pacers,
Thu Feb 8 2024,7:00p,San Antonio Spurs,,Orlando Magic,
Thu Feb 8 2024,7:30p,Cleveland Cavaliers,,Brooklyn Nets,
Thu Feb 8 2024,7:30p,Dallas Mavericks,,New York Knicks,
Thu Feb 8 2024,8:00p,Chicago Bulls,,Memphis Grizzlies,
Thu Feb 8 2024,8:00p,Minnesota Timberwolves,,Milwaukee Bucks,
Thu Feb 8 2024,9:00p,Utah Jazz,,Phoenix Suns,
Thu Feb 8 2024,10:00p,Denver Nuggets,,Los Angeles Lakers,
Thu Feb 8 2024,10:00p,Detroit Pistons,,Portland Trail Blazers,
Fri Feb 9 2024,7:00p,Atlanta Hawks,,Philadelphia 76ers,
Fri Feb 9 2024,7:30p,Washington Wizards,,Boston Celtics,
Fri Feb 9 2024,7:30p,Houston Rockets,,Toronto Raptors,
Fri Feb 9 2024,8:00p,Charlotte Hornets,,Milwaukee Bucks,
Fri Feb 9 2024,10:00p,Denver Nuggets,,Sacramento Kings,
Fri Feb 9 2024,10:30p,New Orleans Pelicans,,Los Angeles Lakers,
Sat Feb 10 2024,3:00p,Oklahoma City Thunder,,Dallas Mavericks,
Sat Feb 10 2024,3:30p,Detroit Pistons,,Los Angeles Clippers,
Sat Feb 10 2024,6:00p,San Antonio Spurs,,Brooklyn Nets,
Sat Feb 10 2024,7:00p,Memphis Grizzlies,,Charlotte Hornets,
Sat Feb 10 2024,7:00p,Chicago Bulls,,Orlando Magic,
Sat Feb 10 2024,7:00p,Philadelphia 76ers,,Washington Wizards,
Sat Feb 10 2024,7:30p,Houston Rockets,,Atlanta Hawks,
Sat Feb 10 2024,7:30p,Indiana Pacers,,New York Knicks,
Sat Feb 10 2024,7:30p,Cleveland Cavaliers,,Toronto Raptors,
Sat Feb 10 2024,8:30p,Phoenix Suns,,Golden State Warriors,
Sat Feb 10 2024,10:00p,New Orleans Pelicans,,Portland Trail Blazers,
Sun Feb 11 2024,2:00p,Boston Celtics,,Miami Heat,
Sun Feb 11 2024,3:00p,Sacramento Kings,,Oklahoma City Thunder,
Mon Feb 12 2024,7:00p,Indiana Pacers,,Charlotte Hornets,
Mon Feb 12 2024,7:00p,Philadelphia 76ers,,Cleveland Cavaliers,
Mon Feb 12 2024,7:30p,Chicago Bulls,,Atlanta Hawks,
Mon Feb 12 2024,7:30p,San Antonio Spurs,,Toronto Raptors,
Mon Feb 12 2024,8:00p,New York Knicks,,Houston Rockets,
Mon Feb 12 2024,8:00p,New Orleans Pelicans,,Memphis Grizzlies,
Mon Feb 12 2024,8:00p,Denver Nuggets,,Milwaukee Bucks,
Mon Feb 12 2024,8:30p,Washington Wizards,,Dallas Mavericks,
Mon Feb 12 2024,9:00p,Golden State Warriors,,Utah Jazz,
Mon Feb 12 2024,10:30p,Minnesota Timberwolves,,Los Angeles Clippers,
Tue Feb 13 2024,7:30p,Boston Celtics,,Brooklyn Nets,
Tue Feb 13 2024,7:30p,Oklahoma City Thunder,,Orlando Magic,
Tue Feb 13 2024,8:00p,Miami Heat,,Milwaukee Bucks,
Tue Feb 13 2024,10:00p,Sacramento Kings,,Phoenix Suns,
Tue Feb 13 2024,10:00p,Minnesota Timberwolves,,Portland Trail Blazers,
Tue Feb 13 2024,10:30p,Detroit Pistons,,Los Angeles Lakers,
Wed Feb 14 2024,7:00p,Atlanta Hawks,,Charlotte Hornets,
Wed Feb 14 2024,7:00p,New York Knicks,,Orlando Magic,
Wed Feb 14 2024,7:00p,Miami Heat,,Philadelphia 76ers,
Wed Feb 14 2024,7:30p,Brooklyn Nets,,Boston Celtics,
Wed Feb 14 2024,7:30p,Chicago Bulls,,Cleveland Cavaliers,
Wed Feb 14 2024,7:30p,Indiana Pacers,,Toronto Raptors,
Wed Feb 14 2024,8:00p,Houston Rockets,,Memphis Grizzlies,
Wed Feb 14 2024,8:00p,Washington Wizards,,New Orleans Pelicans,
Wed Feb 14 2024,8:30p,San Antonio Spurs,,Dallas Mavericks,
Wed Feb 14 2024,9:00p,Sacramento Kings,,Denver Nuggets,
Wed Feb 14 2024,9:00p,Detroit Pistons,,Phoenix Suns,
Wed Feb 14 2024,9:00p,Los Angeles Lakers,,Utah Jazz,
Wed Feb 14 2024,10:00p,Los Angeles Clippers,,Golden State Warriors,
Thu Feb 15 2024,8:30p,Milwaukee Bucks,,Memphis Grizzlies,
Thu Feb 15 2024,10:00p,Minnesota Timberwolves,,Portland Trail Blazers,
Thu Feb 22 2024,7:00p,Orlando Magic,,Cleveland Cavaliers,
Thu Feb 22 2024,7:00p,Detroit Pistons,,Indiana Pacers,
Thu Feb 22 2024,7:00p,New York Knicks,,Philadelphia 76ers,
Thu Feb 22 2024,7:00p,Brooklyn Nets,,Toronto Raptors,
Thu Feb 22 2024,7:30p,Phoenix Suns,,Dallas Mavericks,
Thu Feb 22 2024,8:00p,Boston Celtics,,Chicago Bulls,
Thu Feb 22 2024,8:00p,Houston Rockets,,New Orleans Pelicans,
Thu Feb 22 2024,8:00p,Los Angeles Clippers,,Oklahoma City Thunder,
Thu Feb 22 2024,9:00p,Washington Wizards,,Denver Nuggets,
Thu Feb 22 2024,9:00p,Charlotte Hornets,,Utah Jazz,
Thu Feb 22 2024,10:00p,Los Angeles Lakers,,Golden State Warriors,
Thu Feb 22 2024,10:00p,San Antonio Spurs,,Sacramento Kings,
Fri Feb 23 2024,7:30p,Toronto Raptors,,Atlanta Hawks,
Fri Feb 23 2024,7:30p,Cleveland Cavaliers,,Philadelphia 76ers,
Fri Feb 23 2024,8:00p,Phoenix Suns,,Houston Rockets,
Fri Feb 23 2024,8:00p,Los Angeles Clippers,,Memphis Grizzlies,
Fri Feb 23 2024,8:00p,Milwaukee Bucks,,Minnesota Timberwolves,
Fri Feb 23 2024,8:00p,Washington Wizards,,Oklahoma City Thunder,
Fri Feb 23 2024,10:00p,Charlotte Hornets,,Golden State Warriors,
Fri Feb 23 2024,10:00p,Miami Heat,,New Orleans Pelicans,
Fri Feb 23 2024,10:00p,Denver Nuggets,,Portland Trail Blazers,
Fri Feb 23 2024,10:30p,San Antonio Spurs,,Los Angeles Lakers,
Sat Feb 24 2024,8:00p,Orlando Magic,,Detroit Pistons,
Sat Feb 24 2024,8:00p,Brooklyn Nets,,Minnesota Timberwolves,
Sat Feb 24 2024,8:30p,Boston Celtics,,New York Knicks,
Sun Feb 25 2024,1:00p,Milwaukee Bucks,,Philadelphia 76ers,
Sun Feb 25 2024,3:30p,Los Angeles Lakers,,Phoenix Suns,
Sun Feb 25 2024,5:00p,Dallas Mavericks,,Indiana Pacers,
Sun Feb 25 2024,6:00p,Cleveland Cavaliers,,Washington Wizards,
Sun Feb 25 2024,7:00p,Orlando Magic,,Atlanta Hawks,
Sun Feb 25 2024,7:00p,Denver Nuggets,,Golden State Warriors,
Sun Feb 25 2024,7:00p,Oklahoma City Thunder,,Houston Rockets,
Sun Feb 25 2024,7:00p,Chicago Bulls,,New Orleans Pelicans,
Sun Feb 25 2024,8:00p,San Antonio Spurs,,Utah Jazz,
Sun Feb 25 2024,9:00p,Charlotte Hornets,,Portland Trail Blazers,
Sun Feb 25 2024,9:30p,Sacramento Kings,,Los Angeles Clippers,
Mon Feb 26 2024,7:00p,New York Knicks,,Detroit Pistons,
Mon Feb 26 2024,7:00p,Toronto Raptors,,Indiana Pacers,
Mon Feb 26 2024,8:00p,Brooklyn Nets,,Memphis Grizzlies,
Mon Feb 26 2024,10:00p,Miami Heat,,Sacramento Kings,
Tue Feb 27 2024,7:00p,Dallas Mavericks,,Cleveland Cavaliers,
Tue Feb 27 2024,7:00p,Brooklyn Nets,,Orlando Magic,
Tue Feb 27 2024,7:00p,Golden State Warriors,,Washington Wizards,
Tue Feb 27 2024,7:30p,Utah Jazz,,Atlanta Hawks,
Tue Feb 27 2024,7:30p,Philadelphia 76ers,,Boston Celtics,
Tue Feb 27 2024,7:30p,San Antonio Spurs,,Minnesota Timberwolves,
Tue Feb 27 2024,7:30p,New Orleans Pelicans,,New York Knicks,
Tue Feb 27 2024,8:00p,Detroit Pistons,,Chicago Bulls,
Tue Feb 27 2024,8:00p,Charlotte Hornets,,Milwaukee Bucks,
Tue Feb 27 2024,8:00p,Houston Rockets,,Oklahoma City Thunder,
Tue Feb 27 2024,10:00p,Miami Heat,,Portland Trail Blazers,
Wed Feb 28 2024,7:00p,New Orleans Pelicans,,Indiana Pacers,
Wed Feb 28 2024,7:30p,Memphis Grizzlies,,Minnesota Timberwolves,
Wed Feb 28 2024,7:30p,Dallas Mavericks,,Toronto Raptors,
Wed Feb 28 2024,8:00p,Cleveland Cavaliers,,Chicago Bulls,
Wed Feb 28 2024,9:00p,Sacramento Kings,,Denver Nuggets,
Wed Feb 28 2024,10:00p,Los Angeles Lakers,,Los Angeles Clippers,
Thu Feb 29 2024,7:00p,Milwaukee Bucks,,Charlotte Hornets,
Thu Feb 29 2024,7:00p,Utah Jazz,,Orlando Magic,
Thu Feb 29 2024,7:30p,Atlanta Hawks,,Brooklyn Nets,
Thu Feb 29 2024,7:30p,Golden State Warriors,,New York Knicks,
Thu Feb 29 2024,8:30p,Oklahoma City Thunder,,San Antonio Spurs,
Thu Feb 29 2024,9:00p,Houston Rockets,,Phoenix Suns,
Thu Feb 29 2024,10:00p,Miami Heat,,Denver Nuggets,
Thu Feb 29 2024,10:30p,Washington Wizards,,Los Angeles Lakers,
Fri Mar 1 2024,7:00p,Cleveland Cavaliers,,Detroit Pistons,
Fri Mar 1 2024,7:00p,Charlotte Hornets,,Philadelphia 76ers,
Fri Mar 1 2024,7:30p,Dallas Mavericks,,Boston Celtics,
Fri Mar 1 2024,7:30p,Golden State Warriors,,Toronto Raptors,
Fri Mar 1 2024,8:00p,Portland Trail Blazers,,Memphis Grizzlies,
Fri Mar 1 2024,8:00p,Sacramento Kings,,Minnesota Timberwolves,
Fri Mar 1 2024,8:00p,Indiana Pacers,,New Orleans Pelicans,
Fri Mar 1 2024,10:00p,Milwaukee Bucks,,Chicago Bulls,
Fri Mar 1 2024,10:30p,Washington Wizards,,Los Angeles Clippers,
Sat Mar 2 2024,3:00p,Atlanta Hawks,,Brooklyn Nets,
Sat Mar 2 2024,5:00p,Utah Jazz,,Miami Heat,
Sat Mar 2 2024,8:00p,Portland Trail Blazers,,Memphis Grizzlies,
Sat Mar 2 2024,8:30p,Denver Nuggets,,Los Angeles Lakers,
Sat Mar 2 2024,9:00p,Houston Rockets,,Phoenix Suns,
Sun Mar 3 2024,1:00p,Philadelphia 76ers,,Dallas Mavericks,
Sun Mar 3 2024,3:30p,Golden State Warriors,,Boston Celtics,
Sun Mar 3 2024,3:30p,Los Angeles Clippers,,Minnesota Timberwolves,
Sun Mar 3 2024,6:00p,Detroit Pistons,,Orlando Magic,
Sun Mar 3 2024,6:00p,Charlotte Hornets,,Toronto Raptors,
Sun Mar 3 2024,7:00p,New York Knicks,,Cleveland Cavaliers,
Sun Mar 3 2024,7:00p,Indiana Pacers,,San Antonio Spurs,
Sun Mar 3 2024,9:30p,Oklahoma City Thunder,,Phoenix Suns,
Mon Mar 4 2024,7:30p,Memphis Grizzlies,,Brooklyn Nets,
Mon Mar 4 2024,8:00p,Los Angeles Clippers,,Milwaukee Bucks,
Mon Mar 4 2024,8:00p,Portland Trail Blazers,,Minnesota Timberwolves,
Mon Mar 4 2024,9:00p,Washington Wizards,,Utah Jazz,
Mon Mar 4 2024,10:00p,Chicago Bulls,,Sacramento Kings,
Mon Mar 4 2024,10:30p,Oklahoma City Thunder,,Los Angeles Lakers,
Tue Mar 5 2024,7:00p,Orlando Magic,,Charlotte Hornets,
Tue Mar 5 2024,7:00p,Boston Celtics,,Cleveland Cavaliers,
Tue Mar 5 2024,7:30p,Philadelphia 76ers,,Brooklyn Nets,
Tue Mar 5 2024,7:30p,Detroit Pistons,,Miami Heat,
Tue Mar 5 2024,7:30p,Atlanta Hawks,,New York Knicks,
Tue Mar 5 2024,7:30p,New Orleans Pelicans,,Toronto Raptors,
Tue Mar 5 2024,8:00p,San Antonio Spurs,,Houston Rockets,
Tue Mar 5 2024,8:30p,Indiana Pacers,,Dallas Mavericks,
Tue Mar 5 2024,10:00p,Phoenix Suns,,Denver Nuggets,
Wed Mar 6 2024,7:00p,Orlando Magic,,Washington Wizards,
Wed Mar 6 2024,7:30p,Cleveland Cavaliers,,Atlanta Hawks,
Wed Mar 6 2024,7:30p,Memphis Grizzlies,,Philadelphia 76ers,
Wed Mar 6 2024,8:00p,Los Angeles Clippers,,Houston Rockets,
Wed Mar 6 2024,9:00p,Chicago Bulls,,Utah Jazz,
Wed Mar 6 2024,10:00p,Milwaukee Bucks,,Golden State Warriors,
Wed Mar 6 2024,10:00p,Oklahoma City Thunder,,Portland Trail Blazers,
Wed Mar 6 2024,10:30p,Sacramento Kings,,Los Angeles Lakers,
Thu Mar 7 2024,7:00p,Brooklyn Nets,,Detroit Pistons,
Thu Mar 7 2024,7:00p,Minnesota Timberwolves,,Indiana Pacers,
Thu Mar 7 2024,7:30p,Miami Heat,,Dallas Mavericks,
Thu Mar 7 2024,9:00p,Toronto Raptors,,Phoenix Suns,
Thu Mar 7 2024,10:00p,Boston Celtics,,Denver Nuggets,
Thu Mar 7 2024,10:00p,Chicago Bulls,,Golden State Warriors,
Thu Mar 7 2024,10:00p,San Antonio Spurs,,Sacramento Kings,
Fri Mar 8 2024,7:00p,New Orleans Pelicans,,Philadelphia 76ers,
Fri Mar 8 2024,7:00p,Charlotte Hornets,,Washington Wizards,
Fri Mar 8 2024,7:30p,Minnesota Timberwolves,,Cleveland Cavaliers,
Fri Mar 8 2024,7:30p,Atlanta Hawks,,Memphis Grizzlies,
Fri Mar 8 2024,7:30p,Orlando Magic,,New York Knicks,
Fri Mar 8 2024,8:00p,Miami Heat,,Oklahoma City Thunder,
Fri Mar 8 2024,10:00p,Milwaukee Bucks,,Los Angeles Lakers,
Fri Mar 8 2024,10:00p,Houston Rockets,,Portland Trail Blazers,
Sat Mar 9 2024,4:00p,Chicago Bulls,,Los Angeles Clippers,
Sat Mar 9 2024,7:00p,Brooklyn Nets,,Charlotte Hornets,
Sat Mar 9 2024,7:00p,Dallas Mavericks,,Detroit Pistons,
Sat Mar 9 2024,8:30p,San Antonio Spurs,,Golden State Warriors,
Sat Mar 9 2024,8:30p,Boston Celtics,,Phoenix Suns,
Sat Mar 9 2024,10:00p,Utah Jazz,,Denver Nuggets,
Sat Mar 9 2024,10:00p,Toronto Raptors,,Portland Trail Blazers,
Sun Mar 10 2024,3:00p,Milwaukee Bucks,,Los Angeles Clippers,
Sun Mar 10 2024,6:00p,New Orleans Pelicans,,Atlanta Hawks,
Sun Mar 10 2024,6:00p,Washington Wizards,,Miami Heat,
Sun Mar 10 2024,6:00p,Philadelphia 76ers,,New York Knicks,
Sun Mar 10 2024,6:00p,Indiana Pacers,,Orlando Magic,
Sun Mar 10 2024,6:00p,Houston Rockets,,Sacramento Kings,
Sun Mar 10 2024,7:00p,Brooklyn Nets,,Cleveland Cavaliers,
Sun Mar 10 2024,7:00p,Memphis Grizzlies,,Oklahoma City Thunder,
Sun Mar 10 2024,9:30p,Minnesota Timberwolves,,Los Angeles Lakers,
Mon Mar 11 2024,7:00p,Charlotte Hornets,,Detroit Pistons,
Mon Mar 11 2024,7:30p,Phoenix Suns,,Cleveland Cavaliers,
Mon Mar 11 2024,8:00p,Dallas Mavericks,,Chicago Bulls,
Mon Mar 11 2024,8:00p,Golden State Warriors,,San Antonio Spurs,
Mon Mar 11 2024,9:00p,Toronto Raptors,,Denver Nuggets,
Mon Mar 11 2024,10:30p,Boston Celtics,,Portland Trail Blazers,
Tue Mar 12 2024,7:30p,Philadelphia 76ers,,New York Knicks,
Tue Mar 12 2024,8:00p,Washington Wizards,,Memphis Grizzlies,
Tue Mar 12 2024,8:00p,Indiana Pacers,,Oklahoma City Thunder,
Tue Mar 12 2024,8:30p,Houston Rockets,,San Antonio Spurs,
Tue Mar 12 2024,9:00p,Boston Celtics,,Utah Jazz,
Tue Mar 12 2024,10:00p,Minnesota Timberwolves,,Los Angeles Clippers,
Tue Mar 12 2024,10:00p,Milwaukee Bucks,,Sacramento Kings,
Wed Mar 13 2024,7:00p,Toronto Raptors,,Detroit Pistons,
Wed Mar 13 2024,7:00p,Brooklyn Nets,,Orlando Magic,
Wed Mar 13 2024,7:30p,Chicago Bulls,,Indiana Pacers,
Wed Mar 13 2024,7:30p,Denver Nuggets,,Miami Heat,
Wed Mar 13 2024,8:00p,Charlotte Hornets,,Memphis Grizzlies,
Wed Mar 13 2024,8:00p,Cleveland Cavaliers,,New Orleans Pelicans,
Wed Mar 13 2024,8:30p,Golden State Warriors,,Dallas Mavericks,
Wed Mar 13 2024,10:00p,Atlanta Hawks,,Portland Trail Blazers,
Wed Mar 13 2024,10:00p,Los Angeles Lakers,,Sacramento Kings,
Thu Mar 14 2024,7:30p,Phoenix Suns,,Boston Celtics,
Thu Mar 14 2024,8:00p,Los Angeles Clippers,,Chicago Bulls,
Thu Mar 14 2024,8:00p,Washington Wizards,,Houston Rockets,
Thu Mar 14 2024,8:00p,Philadelphia 76ers,,Milwaukee Bucks,
Thu Mar 14 2024,10:00p,Dallas Mavericks,,Oklahoma City Thunder,
Thu Mar 14 2024,10:00p,New York Knicks,,Portland Trail Blazers,
Fri Mar 15 2024,7:00p,Phoenix Suns,,Charlotte Hornets,
Fri Mar 15 2024,7:00p,Miami Heat,,Detroit Pistons,
Fri Mar 15 2024,7:30p,Orlando Magic,,Toronto Raptors,
Fri Mar 15 2024,8:00p,Los Angeles Clippers,,New Orleans Pelicans,
Fri Mar 15 2024,8:30p,Denver Nuggets,,San Antonio Spurs,
Fri Mar 15 2024,9:30p,Atlanta Hawks,,Utah Jazz,
Sat Mar 16 2024,5:00p,Cleveland Cavaliers,,Houston Rockets,
Sat Mar 16 2024,7:00p,Brooklyn Nets,,Indiana Pacers,
Sat Mar 16 2024,7:00p,Portland Trail Blazers,,New Orleans Pelicans,
Sat Mar 16 2024,7:00p,Charlotte Hornets,,Philadelphia 76ers,
Sat Mar 16 2024,8:00p,Washington Wizards,,Chicago Bulls,
Sat Mar 16 2024,8:00p,Oklahoma City Thunder,,Memphis Grizzlies,
Sat Mar 16 2024,8:30p,Golden State Warriors,,Los Angeles Lakers,
Sat Mar 16 2024,9:30p,Minnesota Timberwolves,,Utah Jazz,
Sat Mar 16 2024,10:00p,New York Knicks,,Sacramento Kings,
Sun Mar 17 2024,1:00p,Phoenix Suns,,Milwaukee Bucks,
Sun Mar 17 2024,3:00p,Miami Heat,,Detroit Pistons,
Sun Mar 17 2024,3:30p,Denver Nuggets,,Dallas Mavericks,
Sun Mar 17 2024,6:00p,Toronto Raptors,,Orlando Magic,
Sun Mar 17 2024,6:00p,Boston Celtics,,Washington Wizards,
Sun Mar 17 2024,7:00p,Brooklyn Nets,,San Antonio Spurs,
Sun Mar 17 2024,9:30p,Atlanta Hawks,,Los Angeles Clippers,
Mon Mar 18 2024,7:00p,Cleveland Cavaliers,,Indiana Pacers,
Mon Mar 18 2024,7:30p,Detroit Pistons,,Boston Celtics,
Mon Mar 18 2024,7:30p,Miami Heat,,Philadelphia 76ers,
Mon Mar 18 2024,8:00p,Portland Trail Blazers,,Chicago Bulls,
Mon Mar 18 2024,9:00p,Minnesota Timberwolves,,Utah Jazz,
Mon Mar 18 2024,10:00p,New York Knicks,,Golden State Warriors,
Mon Mar 18 2024,10:00p,Memphis Grizzlies,,Sacramento Kings,
Mon Mar 18 2024,10:30p,Atlanta Hawks,,Los Angeles Lakers,
Tue Mar 19 2024,7:00p,Charlotte Hornets,,Orlando Magic,
Tue Mar 19 2024,7:00p,Houston Rockets,,Washington Wizards,
Tue Mar 19 2024,7:30p,New Orleans Pelicans,,Brooklyn Nets,
Tue Mar 19 2024,8:00p,Dallas Mavericks,,San Antonio Spurs,
Tue Mar 19 2024,9:00p,Denver Nuggets,,Minnesota Timberwolves,
Wed Mar 20 2024,7:00p,Miami Heat,,Cleveland Cavaliers,
Wed Mar 20 2024,7:00p,Indiana Pacers,,Detroit Pistons,
Wed Mar 20 2024,7:30p,Milwaukee Bucks,,Boston Celtics,
Wed Mar 20 2024,7:30p,Sacramento Kings,,Toronto Raptors,
Wed Mar 20 2024,8:00p,Utah Jazz,,Oklahoma City Thunder,
Wed Mar 20 2024,10:00p,Memphis Grizzlies,,Golden State Warriors,
Wed Mar 20 2024,10:00p,Philadelphia 76ers,,Phoenix Suns,
Wed Mar 20 2024,10:00p,Los Angeles Clippers,,Portland Trail Blazers,
Thu Mar 21 2024,7:00p,New Orleans Pelicans,,Orlando Magic,
Thu Mar 21 2024,7:00p,Sacramento Kings,,Washington Wizards,
Thu Mar 21 2024,8:00p,Chicago Bulls,,Houston Rockets,
Thu Mar 21 2024,8:00p,Brooklyn Nets,,Milwaukee Bucks,
Thu Mar 21 2024,8:30p,Utah Jazz,,Dallas Mavericks,
Thu Mar 21 2024,9:00p,New York Knicks,,Denver Nuggets,
Thu Mar 21 2024,10:30p,Atlanta Hawks,,Phoenix Suns,
Fri Mar 22 2024,7:00p,Boston Celtics,,Detroit Pistons,
Fri Mar 22 2024,7:00p,Oklahoma City Thunder,,Toronto Raptors,
Fri Mar 22 2024,8:00p,New Orleans Pelicans,,Miami Heat,
Fri Mar 22 2024,8:00p,Cleveland Cavaliers,,Minnesota Timberwolves,
Fri Mar 22 2024,8:00p,Memphis Grizzlies,,San Antonio Spurs,
Fri Mar 22 2024,10:00p,Indiana Pacers,,Golden State Warriors,
Fri Mar 22 2024,10:00p,Los Angeles Clippers,,Portland Trail Blazers,
Fri Mar 22 2024,10:30p,Philadelphia 76ers,,Los Angeles Lakers,
Sat Mar 23 2024,1:00p,Brooklyn Nets,,New York Knicks,
Sat Mar 23 2024,7:00p,Sacramento Kings,,Orlando Magic,
Sat Mar 23 2024,7:30p,Charlotte Hornets,,Atlanta Hawks,
Sat Mar 23 2024,8:00p,Boston Celtics,,Chicago Bulls,
Sat Mar 23 2024,8:00p,Utah Jazz,,Houston Rockets,
Sat Mar 23 2024,8:00p,Phoenix Suns,,San Antonio Spurs,
Sat Mar 23 2024,8:00p,Toronto Raptors,,Washington Wizards,
Sat Mar 23 2024,10:00p,Denver Nuggets,,Portland Trail Blazers,
Sun Mar 24 2024,3:00p,New Orleans Pelicans,,Detroit Pistons,
Sun Mar 24 2024,3:30p,Philadelphia 76ers,,Los Angeles Clippers,
Sun Mar 24 2024,6:00p,Cleveland Cavaliers,,Miami Heat,
Sun Mar 24 2024,7:00p,Oklahoma City Thunder,,Milwaukee Bucks,
Sun Mar 24 2024,7:00p,Golden State Warriors,,Minnesota Timberwolves,
Sun Mar 24 2024,10:00p,Indiana Pacers,,Los Angeles Lakers,
Mon Mar 25 2024,7:00p,Charlotte Hornets,,Cleveland Cavaliers,
Mon Mar 25 2024,7:30p,Boston Celtics,,Atlanta Hawks,
Mon Mar 25 2024,7:30p,Detroit Pistons,,New York Knicks,
Mon Mar 25 2024,7:30p,Brooklyn Nets,,Toronto Raptors,
Mon Mar 25 2024,8:00p,Washington Wizards,,Chicago Bulls,
Mon Mar 25 2024,8:00p,Portland Trail Blazers,,Houston Rockets,
Mon Mar 25 2024,8:00p,Phoenix Suns,,San Antonio Spurs,
Mon Mar 25 2024,9:00p,Memphis Grizzlies,,Denver Nuggets,
Mon Mar 25 2024,9:00p,Dallas Mavericks,,Utah Jazz,
Mon Mar 25 2024,10:00p,Philadelphia 76ers,,Sacramento Kings,
Mon Mar 25 2024,10:30p,Indiana Pacers,,Los Angeles Clippers,
Tue Mar 26 2024,7:30p,Golden State Warriors,,Miami Heat,
Tue Mar 26 2024,7:30p,Los Angeles Lakers,,Milwaukee Bucks,
Tue Mar 26 2024,8:00p,Oklahoma City Thunder,,New Orleans Pelicans,
Tue Mar 26 2024,10:00p,Dallas Mavericks,,Sacramento Kings,
Wed Mar 27 2024,7:00p,Cleveland Cavaliers,,Charlotte Hornets,
Wed Mar 27 2024,7:00p,Golden State Warriors,,Orlando Magic,
Wed Mar 27 2024,7:00p,Brooklyn Nets,,Washington Wizards,
Wed Mar 27 2024,7:30p,Portland Trail Blazers,,Atlanta Hawks,
Wed Mar 27 2024,7:30p,Los Angeles Clippers,,Philadelphia 76ers,
Wed Mar 27 2024,7:30p,New York Knicks,,Toronto Raptors,
Wed Mar 27 2024,8:00p,Indiana Pacers,,Chicago Bulls,
Wed Mar 27 2024,8:00p,Los Angeles Lakers,,Memphis Grizzlies,
Wed Mar 27 2024,8:00p,Detroit Pistons,,Minnesota Timberwolves,
Wed Mar 27 2024,8:00p,Houston Rockets,,Oklahoma City Thunder,
Wed Mar 27 2024,9:00p,San Antonio Spurs,,Utah Jazz,
Wed Mar 27 2024,10:00p,Phoenix Suns,,Denver Nuggets,
Thu Mar 28 2024,7:30p,Boston Celtics,,Atlanta Hawks,
Thu Mar 28 2024,8:00p,Milwaukee Bucks,,New Orleans Pelicans,
Fri Mar 29 2024,7:00p,Golden State Warriors,,Charlotte Hornets,
Fri Mar 29 2024,7:00p,Los Angeles Lakers,,Indiana Pacers,
Fri Mar 29 2024,7:00p,Los Angeles Clippers,,Orlando Magic,
Fri Mar 29 2024,7:00p,Detroit Pistons,,Washington Wizards,
Fri Mar 29 2024,7:30p,Chicago Bulls,,Brooklyn Nets,
Fri Mar 29 2024,7:30p,Philadelphia 76ers,,Cleveland Cavaliers,
Fri Mar 29 2024,8:00p,Portland Trail Blazers,,Miami Heat,
Fri Mar 29 2024,8:00p,Phoenix Suns,,Oklahoma City Thunder,
Fri Mar 29 2024,8:00p,New York Knicks,,San Antonio Spurs,
Fri Mar 29 2024,9:00p,Minnesota Timberwolves,,Denver Nuggets,
Fri Mar 29 2024,9:30p,Houston Rockets,,Utah Jazz,
Fri Mar 29 2024,10:00p,Dallas Mavericks,,Sacramento Kings,
Sat Mar 30 2024,5:00p,Boston Celtics,,New Orleans Pelicans,
Sat Mar 30 2024,7:00p,Memphis Grizzlies,,Orlando Magic,
Sat Mar 30 2024,7:30p,Milwaukee Bucks,,Atlanta Hawks,
Sun Mar 31 2024,3:30p,Cleveland Cavaliers,,Denver Nuggets,
Sun Mar 31 2024,6:00p,Los Angeles Lakers,,Brooklyn Nets,
Sun Mar 31 2024,6:00p,Los Angeles Clippers,,Charlotte Hornets,
Sun Mar 31 2024,6:00p,Philadelphia 76ers,,Toronto Raptors,
Sun Mar 31 2024,6:00p,Miami Heat,,Washington Wizards,
Sun Mar 31 2024,7:00p,Dallas Mavericks,,Houston Rockets,
Sun Mar 31 2024,7:00p,Chicago Bulls,,Minnesota Timberwolves,
Sun Mar 31 2024,7:00p,Oklahoma City Thunder,,New York Knicks,
Sun Mar 31 2024,7:00p,Golden State Warriors,,San Antonio Spurs,
Sun Mar 31 2024,9:00p,Utah Jazz,,Sacramento Kings,
Mon Apr 1 2024,7:00p,Boston Celtics,,Charlotte Hornets,
Mon Apr 1 2024,7:00p,Memphis Grizzlies,,Detroit Pistons,
Mon Apr 1 2024,7:00p,Brooklyn Nets,,Indiana Pacers,
Mon Apr 1 2024,7:00p,Portland Trail Blazers,,Orlando Magic,
Mon Apr 1 2024,8:00p,Atlanta Hawks,,Chicago Bulls,
Mon Apr 1 2024,8:00p,Phoenix Suns,,New Orleans Pelicans,
Tue Apr 2 2024,7:00p,Oklahoma City Thunder,,Philadelphia 76ers,
Tue Apr 2 2024,7:00p,Los Angeles Lakers,,Toronto Raptors,
Tue Apr 2 2024,7:00p,Milwaukee Bucks,,Washington Wizards,
Tue Apr 2 2024,7:30p,Golden State Warriors,,Dallas Mavericks,
Tue Apr 2 2024,7:30p,New York Knicks,,Miami Heat,
Tue Apr 2 2024,8:00p,Houston Rockets,,Minnesota Timberwolves,
Tue Apr 2 2024,9:00p,San Antonio Spurs,,Denver Nuggets,
Tue Apr 2 2024,9:00p,Cleveland Cavaliers,,Utah Jazz,
Tue Apr 2 2024,10:00p,Los Angeles Clippers,,Sacramento Kings,
Wed Apr 3 2024,7:00p,Portland Trail Blazers,,Charlotte Hornets,
Wed Apr 3 2024,7:00p,Los Angeles Lakers,,Washington Wizards,
Wed Apr 3 2024,7:30p,Detroit Pistons,,Atlanta Hawks,
Wed Apr 3 2024,7:30p,Oklahoma City Thunder,,Boston Celtics,
Wed Apr 3 2024,7:30p,Indiana Pacers,,Brooklyn Nets,
Wed Apr 3 2024,7:30p,Memphis Grizzlies,,Milwaukee Bucks,
Wed Apr 3 2024,8:00p,Toronto Raptors,,Minnesota Timberwolves,
Wed Apr 3 2024,8:00p,Orlando Magic,,New Orleans Pelicans,
Wed Apr 3 2024,10:00p,Cleveland Cavaliers,,Phoenix Suns,
Thu Apr 4 2024,7:30p,Philadelphia 76ers,,Miami Heat,
Thu Apr 4 2024,7:30p,Sacramento Kings,,New York Knicks,
Thu Apr 4 2024,8:00p,Golden State Warriors,,Houston Rockets,
Thu Apr 4 2024,10:00p,Denver Nuggets,,Los Angeles Clippers,
Fri Apr 5 2024,7:00p,Orlando Magic,,Charlotte Hornets,
Fri Apr 5 2024,7:00p,Oklahoma City Thunder,,Indiana Pacers,
Fri Apr 5 2024,7:00p,Portland Trail Blazers,,Washington Wizards,
Fri Apr 5 2024,7:30p,Sacramento Kings,,Boston Celtics,
Fri Apr 5 2024,8:00p,New York Knicks,,Chicago Bulls,
Fri Apr 5 2024,8:00p,Miami Heat,,Houston Rockets,
Fri Apr 5 2024,8:00p,Detroit Pistons,,Memphis Grizzlies,
Fri Apr 5 2024,8:00p,Toronto Raptors,,Milwaukee Bucks,
Fri Apr 5 2024,8:00p,San Antonio Spurs,,New Orleans Pelicans,
Fri Apr 5 2024,8:30p,Atlanta Hawks,,Dallas Mavericks,
Fri Apr 5 2024,10:00p,Minnesota Timberwolves,,Phoenix Suns,
Fri Apr 5 2024,10:30p,Utah Jazz,,Los Angeles Clippers,
Sat Apr 6 2024,3:30p,Cleveland Cavaliers,,Los Angeles Lakers,
Sat Apr 6 2024,7:00p,Detroit Pistons,,Brooklyn Nets,
Sat Apr 6 2024,8:00p,Philadelphia 76ers,,Memphis Grizzlies,
Sat Apr 6 2024,9:00p,Atlanta Hawks,,Denver Nuggets,
Sun Apr 7 2024,3:30p,Houston Rockets,,Dallas Mavericks,
Sun Apr 7 2024,3:30p,Cleveland Cavaliers,,Los Angeles Clippers,
Sun Apr 7 2024,5:00p,Miami Heat,,Indiana Pacers,
Sun Apr 7 2024,6:00p,Portland Trail Blazers,,Boston Celtics,
Sun Apr 7 2024,6:00p,Oklahoma City Thunder,,Charlotte Hornets,
Sun Apr 7 2024,6:00p,Chicago Bulls,,Orlando Magic,
Sun Apr 7 2024,6:00p,New Orleans Pelicans,,Phoenix Suns,
Sun Apr 7 2024,6:00p,Washington Wizards,,Toronto Raptors,
Sun Apr 7 2024,7:00p,New York Knicks,,Milwaukee Bucks,
Sun Apr 7 2024,7:00p,Philadelphia 76ers,,San Antonio Spurs,
Sun Apr 7 2024,7:30p,Sacramento Kings,,Brooklyn Nets,
Sun Apr 7 2024,8:30p,Utah Jazz,,Golden State Warriors,
Sun Apr 7 2024,10:00p,Minnesota Timberwolves,,Los Angeles Lakers,
Tue Apr 9 2024,7:00p,Dallas Mavericks,,Charlotte Hornets,
Tue Apr 9 2024,7:00p,Detroit Pistons,,Philadelphia 76ers,
Tue Apr 9 2024,7:00p,Indiana Pacers,,Toronto Raptors,
Tue Apr 9 2024,7:30p,Miami Heat,,Atlanta Hawks,
Tue Apr 9 2024,7:30p,Boston Celtics,,Milwaukee Bucks,
Tue Apr 9 2024,8:00p,New York Knicks,,Chicago Bulls,
Tue Apr 9 2024,8:00p,Orlando Magic,,Houston Rockets,
Tue Apr 9 2024,8:00p,San Antonio Spurs,,Memphis Grizzlies,
Tue Apr 9 2024,8:00p,Washington Wizards,,Minnesota Timberwolves,
Tue Apr 9 2024,8:00p,Sacramento Kings,,Oklahoma City Thunder,
Tue Apr 9 2024,9:00p,Denver Nuggets,,Utah Jazz,
Tue Apr 9 2024,10:00p,Golden State Warriors,,Los Angeles Lakers,
Tue Apr 9 2024,10:00p,Los Angeles Clippers,,Phoenix Suns,
Tue Apr 9 2024,10:00p,New Orleans Pelicans,,Portland Trail Blazers,
Wed Apr 10 2024,7:00p,Memphis Grizzlies,,Cleveland Cavaliers,
Wed Apr 10 2024,7:30p,Charlotte Hornets,,Atlanta Hawks,
Wed Apr 10 2024,7:30p,Toronto Raptors,,Brooklyn Nets,
Wed Apr 10 2024,7:30p,Dallas Mavericks,,Miami Heat,
Wed Apr 10 2024,8:00p,Orlando Magic,,Milwaukee Bucks,
Wed Apr 10 2024,8:00p,San Antonio Spurs,,Oklahoma City Thunder,
Wed Apr 10 2024,10:00p,Minnesota Timberwolves,,Denver Nuggets,
Wed Apr 10 2024,10:30p,Phoenix Suns,,Los Angeles Clippers,
Thu Apr 11 2024,7:00p,Chicago Bulls,,Detroit Pistons,
Thu Apr 11 2024,7:30p,New York Knicks,,Boston Celtics,
Thu Apr 11 2024,9:00p,Houston Rockets,,Utah Jazz,
Thu Apr 11 2024,10:00p,Golden State Warriors,,Portland Trail Blazers,
Thu Apr 11 2024,10:00p,New Orleans Pelicans,,Sacramento Kings,
Fri Apr 12 2024,7:00p,Orlando Magic,,Philadelphia 76ers,
Fri Apr 12 2024,7:00p,Chicago Bulls,,Washington Wizards,
Fri Apr 12 2024,7:30p,Charlotte Hornets,,Boston Celtics,
Fri Apr 12 2024,7:30p,Indiana Pacers,,Cleveland Cavaliers,
Fri Apr 12 2024,7:30p,Brooklyn Nets,,New York Knicks,
Fri Apr 12 2024,8:00p,Los Angeles Lakers,,Memphis Grizzlies,
Fri Apr 12 2024,8:00p,Toronto Raptors,,Miami Heat,
Fri Apr 12 2024,8:00p,Atlanta Hawks,,Minnesota Timberwolves,
Fri Apr 12 2024,8:00p,Milwaukee Bucks,,Oklahoma City Thunder,
Fri Apr 12 2024,8:00p,Denver Nuggets,,San Antonio Spurs,
Fri Apr 12 2024,8:30p,Detroit Pistons,,Dallas Mavericks,
Fri Apr 12 2024,10:00p,New Orleans Pelicans,,Golden State Warriors,
Fri Apr 12 2024,10:00p,Houston Rockets,,Portland Trail Blazers,
Fri Apr 12 2024,10:30p,Utah Jazz,,Los Angeles Clippers,
Fri Apr 12 2024,10:30p,Phoenix Suns,,Sacramento Kings,
Sun Apr 14 2024,1:00p,Washington Wizards,,Boston Celtics,
Sun Apr 14 2024,1:00p,Charlotte Hornets,,Cleveland Cavaliers,
Sun Apr 14 2024,1:00p,Atlanta Hawks,,Indiana Pacers,
Sun Apr 14 2024,1:00p,Toronto Raptors,,Miami Heat,
Sun Apr 14 2024,1:00p,Chicago Bulls,,New York Knicks,
Sun Apr 14 2024,1:00p,Milwaukee Bucks,,Orlando Magic,
Sun Apr 14 2024,1:00p,Brooklyn Nets,,Philadelphia 76ers,
Sun Apr 14 2024,3:30p,Utah Jazz,,Golden State Warriors,
Sun Apr 14 2024,3:30p,Houston Rockets,,Los Angeles Clippers,
Sun Apr 14 2024,3:30p,Denver Nuggets,,Memphis Grizzlies,
Sun Apr 14 2024,3:30p,Phoenix Suns,,Minnesota Timberwolves,
Sun Apr 14 2024,3:30p,Los Angeles Lakers,,New Orleans Pelicans,
Sun Apr 14 2024,3:30p,Dallas Mavericks,,Oklahoma City Thunder,
Sun Apr 14 2024,3:30p,Portland Trail Blazers,,Sacramento Kings,
Sun Apr 14 2024,3:30p,Detroit Pistons,,San Antonio Spurs,
